student_id,student_name,class_id,grade_level,enrollment_status,updated_at
S-0001,Student 1,CLASS-02,10,ACTIVE,2025-01-01T00:00:00
S-0002,Student 2,CLASS-05,10,ACTIVE,2025-01-01T00:00:00
S-0003,Student 3,CLASS-04,10,ACTIVE,2025-01-01T00:00:00
S-0004,Student 4,CLASS-02,12,ACTIVE,2025-01-01T00:00:00
S-0005,Student 5,CLASS-09,10,ACTIVE,2025-01-01T00:00:00
S-0006,Student 6,CLASS-10,11,ACTIVE,2025-01-01T00:00:00
S-0007,Student 7,CLASS-01,10,ACTIVE,2025-01-01T00:00:00
S-0008,Student 8,CLASS-02,10,ACTIVE,2025-01-01T00:00:00
S-0009,Student 9,CLASS-04,12,ACTIVE,2025-01-01T00:00:00
S-0010,Student 10,CLASS-10,10,ACTIVE,2025-01-01T00:00:00
S-0011,Student 11,CLASS-09,10,ACTIVE,2025-01-01T00:00:00
S-0012,Student 12,CLASS-09,11,ACTIVE,2025-01-01T00:00:00
S-0013,Student 13,CLASS-04,11,ACTIVE,2025-01-01T00:00:00
S-0014,Student 14,CLASS-10,11,ACTIVE,2025-01-01T00:00:00
S-0015,Student 15,CLASS-01,10,ACTIVE,2025-01-01T00:00:00
S-0016,Student 16,CLASS-07,11,ACTIVE,2025-01-01T00:00:00
S-0017,Student 17,CLASS-05,10,ACTIVE,2025-01-01T00:00:00
S-0018,Student 18,CLASS-04,11,ACTIVE,2025-01-01T00:00:00
S-0019,Student 19,CLASS-02,10,ACTIVE,2025-01-01T00:00:00
S-0020,Student 20,CLASS-07,10,ACTIVE,2025-01-01T00:00:00
S-0021,Student 21,CLASS-06,11,ACTIVE,2025-01-01T00:00:00
S-0022,Student 22,CLASS-10,11,ACTIVE,2025-01-01T00:00:00
S-0023,Student 23,CLASS-01,12,ACTIVE,2025-01-01T00:00:00
S-0024,Student 24,CLASS-08,12,ACTIVE,2025-01-01T00:00:00
S-0025,Student 25,CLASS-02,11,ACTIVE,2025-01-01T00:00:00
S-0026,Student 26,CLASS-02,12,ACTIVE,2025-01-01T00:00:00
S-0027,Student 27,CLASS-05,12,ACTIVE,2025-01-01T00:00:00
S-0028,Student 28,CLASS-10,11,ACTIVE,2025-01-01T00:00:00
S-0029,Student 29,CLASS-10,10,ACTIVE,2025-01-01T00:00:00
S-0030,Student 30,CLASS-02,10,ACTIVE,2025-01-01T00:00:00
S-0031,Student 31,CLASS-04,11,ACTIVE,2025-01-01T00:00:00
S-0032,Student 32,CLASS-02,10,ACTIVE,2025-01-01T00:00:00
S-0033,Student 33,CLASS-02,11,ACTIVE,2025-01-01T00:00:00
S-0034,Student 34,CLASS-05,11,ACTIVE,2025-01-01T00:00:00
S-0035,Student 35,CLASS-06,10,ACTIVE,2025-01-01T00:00:00
S-0036,Student 36,CLASS-06,11,ACTIVE,2025-01-01T00:00:00
S-0037,Student 37,CLASS-04,12,ACTIVE,2025-01-01T00:00:00
S-0038,Student 38,CLASS-05,12,ACTIVE,2025-01-01T00:00:00
S-0039,Student 39,CLASS-02,12,ACTIVE,2025-01-01T00:00:00
S-0040,Student 40,CLASS-03,12,ACTIVE,2025-01-01T00:00:00
S-0041,Student 41,CLASS-04,10,ACTIVE,2025-01-01T00:00:00
S-0042,Student 42,CLASS-08,11,ACTIVE,2025-01-01T00:00:00
S-0043,Student 43,CLASS-05,12,ACTIVE,2025-01-01T00:00:00
S-0044,Student 44,CLASS-09,10,ACTIVE,2025-01-01T00:00:00
S-0045,Student 45,CLASS-06,10,ACTIVE,2025-01-01T00:00:00
S-0046,Student 46,CLASS-04,10,ACTIVE,2025-01-01T00:00:00
S-0047,Student 47,CLASS-06,11,ACTIVE,2025-01-01T00:00:00
S-0048,Student 48,CLASS-05,10,ACTIVE,2025-01-01T00:00:00
S-0049,Student 49,CLASS-04,12,ACTIVE,2025-01-01T00:00:00
S-0050,Student 50,CLASS-06,10,ACTIVE,2025-01-01T00:00:00
S-0051,Student 51,CLASS-08,11,ACTIVE,2025-01-01T00:00:00
S-0052,Student 52,CLASS-08,10,ACTIVE,2025-01-01T00:00:00
S-0053,Student 53,CLASS-05,10,ACTIVE,2025-01-01T00:00:00
S-0054,Student 54,CLASS-04,12,ACTIVE,2025-01-01T00:00:00
S-0055,Student 55,CLASS-09,12,ACTIVE,2025-01-01T00:00:00
S-0056,Student 56,CLASS-05,12,ACTIVE,2025-01-01T00:00:00
S-0057,Student 57,CLASS-10,11,ACTIVE,2025-01-01T00:00:00
S-0058,Student 58,CLASS-10,11,ACTIVE,2025-01-01T00:00:00
S-0059,Student 59,CLASS-06,10,ACTIVE,2025-01-01T00:00:00
S-0060,Student 60,CLASS-03,12,ACTIVE,2025-01-01T00:00:00
S-0061,Student 61,CLASS-08,10,ACTIVE,2025-01-01T00:00:00
S-0062,Student 62,CLASS-01,10,ACTIVE,2025-01-01T00:00:00
S-0063,Student 63,CLASS-03,12,ACTIVE,2025-01-01T00:00:00
S-0064,Student 64,CLASS-03,12,ACTIVE,2025-01-01T00:00:00
S-0065,Student 65,CLASS-07,12,ACTIVE,2025-01-01T00:00:00
S-0066,Student 66,CLASS-02,11,ACTIVE,2025-01-01T00:00:00
S-0067,Student 67,CLASS-07,12,ACTIVE,2025-01-01T00:00:00
S-0068,Student 68,CLASS-08,12,ACTIVE,2025-01-01T00:00:00
S-0069,Student 69,CLASS-05,12,ACTIVE,2025-01-01T00:00:00
S-0070,Student 70,CLASS-01,12,ACTIVE,2025-01-01T00:00:00
S-0071,Student 71,CLASS-02,12,ACTIVE,2025-01-01T00:00:00
S-0072,Student 72,CLASS-09,11,ACTIVE,2025-01-01T00:00:00
S-0073,Student 73,CLASS-06,10,ACTIVE,2025-01-01T00:00:00
S-0074,Student 74,CLASS-05,11,ACTIVE,2025-01-01T00:00:00
S-0075,Student 75,CLASS-03,11,ACTIVE,2025-01-01T00:00:00
S-0076,Student 76,CLASS-01,12,ACTIVE,2025-01-01T00:00:00
S-0077,Student 77,CLASS-05,12,ACTIVE,2025-01-01T00:00:00
S-0078,Student 78,CLASS-03,12,ACTIVE,2025-01-01T00:00:00
S-0079,Student 79,CLASS-02,12,ACTIVE,2025-01-01T00:00:00
S-0080,Student 80,CLASS-05,12,ACTIVE,2025-01-01T00:00:00
S-0081,Student 81,CLASS-09,12,ACTIVE,2025-01-01T00:00:00
S-0082,Student 82,CLASS-04,10,ACTIVE,2025-01-01T00:00:00
S-0083,Student 83,CLASS-06,10,ACTIVE,2025-01-01T00:00:00
S-0084,Student 84,CLASS-09,12,ACTIVE,2025-01-01T00:00:00
S-0085,Student 85,CLASS-01,12,ACTIVE,2025-01-01T00:00:00
S-0086,Student 86,CLASS-06,11,ACTIVE,2025-01-01T00:00:00
S-0087,Student 87,CLASS-01,10,ACTIVE,2025-01-01T00:00:00
S-0088,Student 88,CLASS-06,11,ACTIVE,2025-01-01T00:00:00
S-0089,Student 89,CLASS-04,10,ACTIVE,2025-01-01T00:00:00
S-0090,Student 90,CLASS-04,12,ACTIVE,2025-01-01T00:00:00
S-0091,Student 91,CLASS-02,10,ACTIVE,2025-01-01T00:00:00
S-0092,Student 92,CLASS-08,10,ACTIVE,2025-01-01T00:00:00
S-0093,Student 93,CLASS-09,10,ACTIVE,2025-01-01T00:00:00
S-0094,Student 94,CLASS-03,12,ACTIVE,2025-01-01T00:00:00
S-0095,Student 95,CLASS-08,12,ACTIVE,2025-01-01T00:00:00
S-0096,Student 96,CLASS-03,11,ACTIVE,2025-01-01T00:00:00
S-0097,Student 97,CLASS-09,12,ACTIVE,2025-01-01T00:00:00
S-0098,Student 98,CLASS-07,10,ACTIVE,2025-01-01T00:00:00
S-0099,Student 99,CLASS-09,12,ACTIVE,2025-01-01T00:00:00
S-0100,Student 100,CLASS-04,12,ACTIVE,2025-01-01T00:00:00
S-0101,Student 101,CLASS-05,11,ACTIVE,2025-01-01T00:00:00
S-0102,Student 102,CLASS-06,11,ACTIVE,2025-01-01T00:00:00
S-0103,Student 103,CLASS-09,11,ACTIVE,2025-01-01T00:00:00
S-0104,Student 104,CLASS-02,10,ACTIVE,2025-01-01T00:00:00
S-0105,Student 105,CLASS-04,10,ACTIVE,2025-01-01T00:00:00
S-0106,Student 106,CLASS-06,10,ACTIVE,2025-01-01T00:00:00
S-0107,Student 107,CLASS-10,12,ACTIVE,2025-01-01T00:00:00
S-0108,Student 108,CLASS-04,12,ACTIVE,2025-01-01T00:00:00
S-0109,Student 109,CLASS-04,10,ACTIVE,2025-01-01T00:00:00
S-0110,Student 110,CLASS-02,12,ACTIVE,2025-01-01T00:00:00
S-0111,Student 111,CLASS-01,10,ACTIVE,2025-01-01T00:00:00
S-0112,Student 112,CLASS-02,10,ACTIVE,2025-01-01T00:00:00
S-0113,Student 113,CLASS-06,10,ACTIVE,2025-01-01T00:00:00
S-0114,Student 114,CLASS-09,10,ACTIVE,2025-01-01T00:00:00
S-0115,Student 115,CLASS-05,12,ACTIVE,2025-01-01T00:00:00
S-0116,Student 116,CLASS-08,10,ACTIVE,2025-01-01T00:00:00
S-0117,Student 117,CLASS-09,10,ACTIVE,2025-01-01T00:00:00
S-0118,Student 118,CLASS-10,12,ACTIVE,2025-01-01T00:00:00
S-0119,Student 119,CLASS-08,10,ACTIVE,2025-01-01T00:00:00
S-0120,Student 120,CLASS-08,11,ACTIVE,2025-01-01T00:00:00
S-0121,Student 121,CLASS-04,10,ACTIVE,2025-01-01T00:00:00
S-0122,Student 122,CLASS-02,12,ACTIVE,2025-01-01T00:00:00
S-0123,Student 123,CLASS-07,11,ACTIVE,2025-01-01T00:00:00
S-0124,Student 124,CLASS-07,11,ACTIVE,2025-01-01T00:00:00
S-0125,Student 125,CLASS-08,12,ACTIVE,2025-01-01T00:00:00
S-0126,Student 126,CLASS-01,12,ACTIVE,2025-01-01T00:00:00
S-0127,Student 127,CLASS-02,10,ACTIVE,2025-01-01T00:00:00
S-0128,Student 128,CLASS-07,12,ACTIVE,2025-01-01T00:00:00
S-0129,Student 129,CLASS-06,10,ACTIVE,2025-01-01T00:00:00
S-0130,Student 130,CLASS-04,10,ACTIVE,2025-01-01T00:00:00
S-0131,Student 131,CLASS-04,12,ACTIVE,2025-01-01T00:00:00
S-0132,Student 132,CLASS-08,10,ACTIVE,2025-01-01T00:00:00
S-0133,Student 133,CLASS-07,10,ACTIVE,2025-01-01T00:00:00
S-0134,Student 134,CLASS-05,11,ACTIVE,2025-01-01T00:00:00
S-0135,Student 135,CLASS-04,10,ACTIVE,2025-01-01T00:00:00
S-0136,Student 136,CLASS-08,12,ACTIVE,2025-01-01T00:00:00
S-0137,Student 137,CLASS-02,10,ACTIVE,2025-01-01T00:00:00
S-0138,Student 138,CLASS-09,10,ACTIVE,2025-01-01T00:00:00
S-0139,Student 139,CLASS-02,10,ACTIVE,2025-01-01T00:00:00
S-0140,Student 140,CLASS-03,11,ACTIVE,2025-01-01T00:00:00
S-0141,Student 141,CLASS-08,11,ACTIVE,2025-01-01T00:00:00
S-0142,Student 142,CLASS-04,11,ACTIVE,2025-01-01T00:00:00
S-0143,Student 143,CLASS-01,10,ACTIVE,2025-01-01T00:00:00
S-0144,Student 144,CLASS-07,10,ACTIVE,2025-01-01T00:00:00
S-0145,Student 145,CLASS-07,11,ACTIVE,2025-01-01T00:00:00
S-0146,Student 146,CLASS-08,11,ACTIVE,2025-01-01T00:00:00
S-0147,Student 147,CLASS-07,12,ACTIVE,2025-01-01T00:00:00
S-0148,Student 148,CLASS-09,12,ACTIVE,2025-01-01T00:00:00
S-0149,Student 149,CLASS-08,10,ACTIVE,2025-01-01T00:00:00
S-0150,Student 150,CLASS-04,11,ACTIVE,2025-01-01T00:00:00
S-0151,Student 151,CLASS-04,10,ACTIVE,2025-01-01T00:00:00
S-0152,Student 152,CLASS-10,12,ACTIVE,2025-01-01T00:00:00
S-0153,Student 153,CLASS-09,10,ACTIVE,2025-01-01T00:00:00
S-0154,Student 154,CLASS-06,10,ACTIVE,2025-01-01T00:00:00
S-0155,Student 155,CLASS-01,12,ACTIVE,2025-01-01T00:00:00
S-0156,Student 156,CLASS-08,12,ACTIVE,2025-01-01T00:00:00
S-0157,Student 157,CLASS-09,10,ACTIVE,2025-01-01T00:00:00
S-0158,Student 158,CLASS-01,12,ACTIVE,2025-01-01T00:00:00
S-0159,Student 159,CLASS-02,10,ACTIVE,2025-01-01T00:00:00
S-0160,Student 160,CLASS-02,12,ACTIVE,2025-01-01T00:00:00
S-0161,Student 161,CLASS-02,12,ACTIVE,2025-01-01T00:00:00
S-0162,Student 162,CLASS-04,11,ACTIVE,2025-01-01T00:00:00
S-0163,Student 163,CLASS-02,12,ACTIVE,2025-01-01T00:00:00
S-0164,Student 164,CLASS-04,12,ACTIVE,2025-01-01T00:00:00
S-0165,Student 165,CLASS-10,10,ACTIVE,2025-01-01T00:00:00
S-0166,Student 166,CLASS-10,10,ACTIVE,2025-01-01T00:00:00
S-0167,Student 167,CLASS-07,12,ACTIVE,2025-01-01T00:00:00
S-0168,Student 168,CLASS-10,12,ACTIVE,2025-01-01T00:00:00
S-0169,Student 169,CLASS-09,11,ACTIVE,2025-01-01T00:00:00
S-0170,Student 170,CLASS-05,10,ACTIVE,2025-01-01T00:00:00
S-0171,Student 171,CLASS-06,10,ACTIVE,2025-01-01T00:00:00
S-0172,Student 172,CLASS-05,11,ACTIVE,2025-01-01T00:00:00
S-0173,Student 173,CLASS-03,12,ACTIVE,2025-01-01T00:00:00
S-0174,Student 174,CLASS-05,11,ACTIVE,2025-01-01T00:00:00
S-0175,Student 175,CLASS-06,10,ACTIVE,2025-01-01T00:00:00
S-0176,Student 176,CLASS-01,11,ACTIVE,2025-01-01T00:00:00
S-0177,Student 177,CLASS-10,12,ACTIVE,2025-01-01T00:00:00
S-0178,Student 178,CLASS-02,10,ACTIVE,2025-01-01T00:00:00
S-0179,Student 179,CLASS-09,10,ACTIVE,2025-01-01T00:00:00
S-0180,Student 180,CLASS-09,11,ACTIVE,2025-01-01T00:00:00
S-0181,Student 181,CLASS-03,11,ACTIVE,2025-01-01T00:00:00
S-0182,Student 182,CLASS-02,10,ACTIVE,2025-01-01T00:00:00
S-0183,Student 183,CLASS-06,11,ACTIVE,2025-01-01T00:00:00
S-0184,Student 184,CLASS-03,11,ACTIVE,2025-01-01T00:00:00
S-0185,Student 185,CLASS-09,12,ACTIVE,2025-01-01T00:00:00
S-0186,Student 186,CLASS-05,12,ACTIVE,2025-01-01T00:00:00
S-0187,Student 187,CLASS-09,10,ACTIVE,2025-01-01T00:00:00
S-0188,Student 188,CLASS-09,11,ACTIVE,2025-01-01T00:00:00
S-0189,Student 189,CLASS-02,10,ACTIVE,2025-01-01T00:00:00
S-0190,Student 190,CLASS-05,10,ACTIVE,2025-01-01T00:00:00
S-0191,Student 191,CLASS-02,12,ACTIVE,2025-01-01T00:00:00
S-0192,Student 192,CLASS-09,10,ACTIVE,2025-01-01T00:00:00
S-0193,Student 193,CLASS-05,11,ACTIVE,2025-01-01T00:00:00
S-0194,Student 194,CLASS-10,10,ACTIVE,2025-01-01T00:00:00
S-0195,Student 195,CLASS-06,10,ACTIVE,2025-01-01T00:00:00
S-0196,Student 196,CLASS-05,12,ACTIVE,2025-01-01T00:00:00
S-0197,Student 197,CLASS-08,11,ACTIVE,2025-01-01T00:00:00
S-0198,Student 198,CLASS-01,10,ACTIVE,2025-01-01T00:00:00
S-0199,Student 199,CLASS-07,11,ACTIVE,2025-01-01T00:00:00
S-0200,Student 200,CLASS-01,10,ACTIVE,2025-01-01T00:00:00
S-0201,Student 201,CLASS-06,10,ACTIVE,2025-01-01T00:00:00
S-0202,Student 202,CLASS-05,10,ACTIVE,2025-01-01T00:00:00
S-0203,Student 203,CLASS-08,12,ACTIVE,2025-01-01T00:00:00
S-0204,Student 204,CLASS-07,12,ACTIVE,2025-01-01T00:00:00
S-0205,Student 205,CLASS-01,10,ACTIVE,2025-01-01T00:00:00
S-0206,Student 206,CLASS-02,12,ACTIVE,2025-01-01T00:00:00
S-0207,Student 207,CLASS-03,12,ACTIVE,2025-01-01T00:00:00
S-0208,Student 208,CLASS-01,11,ACTIVE,2025-01-01T00:00:00
S-0209,Student 209,CLASS-10,12,ACTIVE,2025-01-01T00:00:00
S-0210,Student 210,CLASS-03,11,ACTIVE,2025-01-01T00:00:00
S-0211,Student 211,CLASS-03,10,ACTIVE,2025-01-01T00:00:00
S-0212,Student 212,CLASS-05,11,ACTIVE,2025-01-01T00:00:00
S-0213,Student 213,CLASS-01,11,ACTIVE,2025-01-01T00:00:00
S-0214,Student 214,CLASS-04,12,ACTIVE,2025-01-01T00:00:00
S-0215,Student 215,CLASS-04,12,ACTIVE,2025-01-01T00:00:00
S-0216,Student 216,CLASS-02,11,ACTIVE,2025-01-01T00:00:00
S-0217,Student 217,CLASS-09,11,ACTIVE,2025-01-01T00:00:00
S-0218,Student 218,CLASS-10,12,ACTIVE,2025-01-01T00:00:00
S-0219,Student 219,CLASS-03,10,ACTIVE,2025-01-01T00:00:00
S-0220,Student 220,CLASS-03,10,ACTIVE,2025-01-01T00:00:00
S-0221,Student 221,CLASS-07,10,ACTIVE,2025-01-01T00:00:00
S-0222,Student 222,CLASS-03,12,ACTIVE,2025-01-01T00:00:00
S-0223,Student 223,CLASS-06,11,ACTIVE,2025-01-01T00:00:00
S-0224,Student 224,CLASS-04,11,ACTIVE,2025-01-01T00:00:00
S-0225,Student 225,CLASS-03,12,ACTIVE,2025-01-01T00:00:00
S-0226,Student 226,CLASS-02,11,ACTIVE,2025-01-01T00:00:00
S-0227,Student 227,CLASS-01,11,ACTIVE,2025-01-01T00:00:00
S-0228,Student 228,CLASS-04,10,ACTIVE,2025-01-01T00:00:00
S-0229,Student 229,CLASS-08,11,ACTIVE,2025-01-01T00:00:00
S-0230,Student 230,CLASS-05,10,ACTIVE,2025-01-01T00:00:00
S-0231,Student 231,CLASS-04,10,ACTIVE,2025-01-01T00:00:00
S-0232,Student 232,CLASS-04,11,ACTIVE,2025-01-01T00:00:00
S-0233,Student 233,CLASS-06,11,ACTIVE,2025-01-01T00:00:00
S-0234,Student 234,CLASS-02,11,ACTIVE,2025-01-01T00:00:00
S-0235,Student 235,CLASS-06,12,ACTIVE,2025-01-01T00:00:00
S-0236,Student 236,CLASS-09,11,ACTIVE,2025-01-01T00:00:00
S-0237,Student 237,CLASS-09,11,ACTIVE,2025-01-01T00:00:00
S-0238,Student 238,CLASS-01,10,ACTIVE,2025-01-01T00:00:00
S-0239,Student 239,CLASS-05,10,ACTIVE,2025-01-01T00:00:00
S-0240,Student 240,CLASS-10,11,ACTIVE,2025-01-01T00:00:00
S-0241,Student 241,CLASS-01,10,ACTIVE,2025-01-01T00:00:00
S-0242,Student 242,CLASS-10,11,ACTIVE,2025-01-01T00:00:00
S-0243,Student 243,CLASS-06,12,ACTIVE,2025-01-01T00:00:00
S-0244,Student 244,CLASS-06,11,ACTIVE,2025-01-01T00:00:00
S-0245,Student 245,CLASS-10,12,ACTIVE,2025-01-01T00:00:00
S-0246,Student 246,CLASS-02,11,ACTIVE,2025-01-01T00:00:00
S-0247,Student 247,CLASS-10,10,ACTIVE,2025-01-01T00:00:00
S-0248,Student 248,CLASS-05,10,ACTIVE,2025-01-01T00:00:00
S-0249,Student 249,CLASS-07,10,ACTIVE,2025-01-01T00:00:00
S-0250,Student 250,CLASS-09,12,ACTIVE,2025-01-01T00:00:00
S-0251,Student 251,CLASS-04,11,ACTIVE,2025-01-01T00:00:00
S-0252,Student 252,CLASS-07,10,ACTIVE,2025-01-01T00:00:00
S-0253,Student 253,CLASS-06,12,ACTIVE,2025-01-01T00:00:00
S-0254,Student 254,CLASS-06,12,ACTIVE,2025-01-01T00:00:00
S-0255,Student 255,CLASS-02,12,ACTIVE,2025-01-01T00:00:00
S-0256,Student 256,CLASS-05,12,ACTIVE,2025-01-01T00:00:00
S-0257,Student 257,CLASS-05,12,ACTIVE,2025-01-01T00:00:00
S-0258,Student 258,CLASS-07,11,ACTIVE,2025-01-01T00:00:00
S-0259,Student 259,CLASS-07,12,ACTIVE,2025-01-01T00:00:00
S-0260,Student 260,CLASS-05,12,ACTIVE,2025-01-01T00:00:00
S-0261,Student 261,CLASS-03,10,ACTIVE,2025-01-01T00:00:00
S-0262,Student 262,CLASS-07,12,ACTIVE,2025-01-01T00:00:00
S-0263,Student 263,CLASS-07,12,ACTIVE,2025-01-01T00:00:00
S-0264,Student 264,CLASS-03,12,ACTIVE,2025-01-01T00:00:00
S-0265,Student 265,CLASS-10,11,ACTIVE,2025-01-01T00:00:00
S-0266,Student 266,CLASS-07,12,ACTIVE,2025-01-01T00:00:00
S-0267,Student 267,CLASS-01,11,ACTIVE,2025-01-01T00:00:00
S-0268,Student 268,CLASS-05,10,ACTIVE,2025-01-01T00:00:00
S-0269,Student 269,CLASS-07,12,ACTIVE,2025-01-01T00:00:00
S-0270,Student 270,CLASS-10,12,ACTIVE,2025-01-01T00:00:00
S-0271,Student 271,CLASS-06,11,ACTIVE,2025-01-01T00:00:00
S-0272,Student 272,CLASS-08,11,ACTIVE,2025-01-01T00:00:00
S-0273,Student 273,CLASS-04,12,ACTIVE,2025-01-01T00:00:00
S-0274,Student 274,CLASS-08,12,ACTIVE,2025-01-01T00:00:00
S-0275,Student 275,CLASS-03,12,ACTIVE,2025-01-01T00:00:00
S-0276,Student 276,CLASS-02,11,ACTIVE,2025-01-01T00:00:00
S-0277,Student 277,CLASS-09,12,ACTIVE,2025-01-01T00:00:00
S-0278,Student 278,CLASS-10,11,ACTIVE,2025-01-01T00:00:00
S-0279,Student 279,CLASS-02,10,ACTIVE,2025-01-01T00:00:00
S-0280,Student 280,CLASS-05,10,ACTIVE,2025-01-01T00:00:00
S-0281,Student 281,CLASS-04,10,ACTIVE,2025-01-01T00:00:00
S-0282,Student 282,CLASS-01,10,ACTIVE,2025-01-01T00:00:00
S-0283,Student 283,CLASS-04,11,ACTIVE,2025-01-01T00:00:00
S-0284,Student 284,CLASS-10,10,ACTIVE,2025-01-01T00:00:00
S-0285,Student 285,CLASS-08,11,ACTIVE,2025-01-01T00:00:00
S-0286,Student 286,CLASS-10,10,ACTIVE,2025-01-01T00:00:00
S-0287,Student 287,CLASS-07,11,ACTIVE,2025-01-01T00:00:00
S-0288,Student 288,CLASS-07,10,ACTIVE,2025-01-01T00:00:00
S-0289,Student 289,CLASS-03,12,ACTIVE,2025-01-01T00:00:00
S-0290,Student 290,CLASS-01,10,ACTIVE,2025-01-01T00:00:00
S-0291,Student 291,CLASS-07,10,ACTIVE,2025-01-01T00:00:00
S-0292,Student 292,CLASS-03,12,ACTIVE,2025-01-01T00:00:00
S-0293,Student 293,CLASS-09,11,ACTIVE,2025-01-01T00:00:00
S-0294,Student 294,CLASS-01,12,ACTIVE,2025-01-01T00:00:00
S-0295,Student 295,CLASS-04,10,ACTIVE,2025-01-01T00:00:00
S-0296,Student 296,CLASS-08,10,ACTIVE,2025-01-01T00:00:00
S-0297,Student 297,CLASS-08,12,ACTIVE,2025-01-01T00:00:00
S-0298,Student 298,CLASS-09,12,ACTIVE,2025-01-01T00:00:00
S-0299,Student 299,CLASS-10,11,ACTIVE,2025-01-01T00:00:00
S-0300,Student 300,CLASS-08,12,ACTIVE,2025-01-01T00:00:00
S-0301,Student 301,CLASS-09,11,ACTIVE,2025-01-01T00:00:00
S-0302,Student 302,CLASS-09,11,ACTIVE,2025-01-01T00:00:00
S-0303,Student 303,CLASS-03,12,ACTIVE,2025-01-01T00:00:00
S-0304,Student 304,CLASS-08,11,ACTIVE,2025-01-01T00:00:00
S-0305,Student 305,CLASS-05,10,ACTIVE,2025-01-01T00:00:00
S-0306,Student 306,CLASS-05,12,ACTIVE,2025-01-01T00:00:00
S-0307,Student 307,CLASS-08,12,ACTIVE,2025-01-01T00:00:00
S-0308,Student 308,CLASS-04,11,ACTIVE,2025-01-01T00:00:00
S-0309,Student 309,CLASS-08,10,ACTIVE,2025-01-01T00:00:00
S-0310,Student 310,CLASS-05,10,ACTIVE,2025-01-01T00:00:00
S-0311,Student 311,CLASS-05,11,ACTIVE,2025-01-01T00:00:00
S-0312,Student 312,CLASS-06,12,ACTIVE,2025-01-01T00:00:00
S-0313,Student 313,CLASS-02,10,ACTIVE,2025-01-01T00:00:00
S-0314,Student 314,CLASS-03,10,ACTIVE,2025-01-01T00:00:00
S-0315,Student 315,CLASS-07,12,ACTIVE,2025-01-01T00:00:00
S-0316,Student 316,CLASS-03,12,ACTIVE,2025-01-01T00:00:00
S-0317,Student 317,CLASS-04,10,ACTIVE,2025-01-01T00:00:00
S-0318,Student 318,CLASS-07,11,ACTIVE,2025-01-01T00:00:00
S-0319,Student 319,CLASS-06,12,ACTIVE,2025-01-01T00:00:00
S-0320,Student 320,CLASS-08,11,ACTIVE,2025-01-01T00:00:00
S-0321,Student 321,CLASS-01,10,ACTIVE,2025-01-01T00:00:00
S-0322,Student 322,CLASS-07,11,ACTIVE,2025-01-01T00:00:00
S-0323,Student 323,CLASS-10,12,ACTIVE,2025-01-01T00:00:00
S-0324,Student 324,CLASS-01,12,ACTIVE,2025-01-01T00:00:00
S-0325,Student 325,CLASS-07,11,ACTIVE,2025-01-01T00:00:00
S-0326,Student 326,CLASS-01,11,ACTIVE,2025-01-01T00:00:00
S-0327,Student 327,CLASS-05,11,ACTIVE,2025-01-01T00:00:00
S-0328,Student 328,CLASS-07,12,ACTIVE,2025-01-01T00:00:00
S-0329,Student 329,CLASS-09,12,ACTIVE,2025-01-01T00:00:00
S-0330,Student 330,CLASS-04,11,ACTIVE,2025-01-01T00:00:00
S-0331,Student 331,CLASS-04,11,ACTIVE,2025-01-01T00:00:00
S-0332,Student 332,CLASS-07,11,ACTIVE,2025-01-01T00:00:00
S-0333,Student 333,CLASS-01,11,ACTIVE,2025-01-01T00:00:00
S-0334,Student 334,CLASS-06,12,ACTIVE,2025-01-01T00:00:00
S-0335,Student 335,CLASS-07,12,ACTIVE,2025-01-01T00:00:00
S-0336,Student 336,CLASS-03,11,ACTIVE,2025-01-01T00:00:00
S-0337,Student 337,CLASS-03,12,ACTIVE,2025-01-01T00:00:00
S-0338,Student 338,CLASS-09,10,ACTIVE,2025-01-01T00:00:00
S-0339,Student 339,CLASS-07,12,ACTIVE,2025-01-01T00:00:00
S-0340,Student 340,CLASS-10,12,ACTIVE,2025-01-01T00:00:00
S-0341,Student 341,CLASS-01,10,ACTIVE,2025-01-01T00:00:00
S-0342,Student 342,CLASS-07,10,ACTIVE,2025-01-01T00:00:00
S-0343,Student 343,CLASS-08,10,ACTIVE,2025-01-01T00:00:00
S-0344,Student 344,CLASS-01,11,ACTIVE,2025-01-01T00:00:00
S-0345,Student 345,CLASS-07,11,ACTIVE,2025-01-01T00:00:00
S-0346,Student 346,CLASS-04,11,ACTIVE,2025-01-01T00:00:00
S-0347,Student 347,CLASS-06,11,ACTIVE,2025-01-01T00:00:00
S-0348,Student 348,CLASS-07,11,ACTIVE,2025-01-01T00:00:00
S-0349,Student 349,CLASS-07,11,ACTIVE,2025-01-01T00:00:00
S-0350,Student 350,CLASS-02,11,ACTIVE,2025-01-01T00:00:00
S-0351,Student 351,CLASS-01,12,ACTIVE,2025-01-01T00:00:00
S-0352,Student 352,CLASS-09,10,ACTIVE,2025-01-01T00:00:00
S-0353,Student 353,CLASS-06,10,ACTIVE,2025-01-01T00:00:00
S-0354,Student 354,CLASS-02,12,ACTIVE,2025-01-01T00:00:00
S-0355,Student 355,CLASS-01,10,ACTIVE,2025-01-01T00:00:00
S-0356,Student 356,CLASS-04,10,ACTIVE,2025-01-01T00:00:00
S-0357,Student 357,CLASS-01,12,ACTIVE,2025-01-01T00:00:00
S-0358,Student 358,CLASS-03,10,ACTIVE,2025-01-01T00:00:00
S-0359,Student 359,CLASS-03,11,ACTIVE,2025-01-01T00:00:00
S-0360,Student 360,CLASS-02,12,ACTIVE,2025-01-01T00:00:00
S-0361,Student 361,CLASS-04,11,ACTIVE,2025-01-01T00:00:00
S-0362,Student 362,CLASS-05,11,ACTIVE,2025-01-01T00:00:00
S-0363,Student 363,CLASS-03,12,ACTIVE,2025-01-01T00:00:00
S-0364,Student 364,CLASS-10,12,ACTIVE,2025-01-01T00:00:00
S-0365,Student 365,CLASS-02,10,ACTIVE,2025-01-01T00:00:00
S-0366,Student 366,CLASS-05,10,ACTIVE,2025-01-01T00:00:00
S-0367,Student 367,CLASS-10,10,ACTIVE,2025-01-01T00:00:00
S-0368,Student 368,CLASS-05,12,ACTIVE,2025-01-01T00:00:00
S-0369,Student 369,CLASS-07,11,ACTIVE,2025-01-01T00:00:00
S-0370,Student 370,CLASS-04,10,ACTIVE,2025-01-01T00:00:00
S-0371,Student 371,CLASS-10,12,ACTIVE,2025-01-01T00:00:00
S-0372,Student 372,CLASS-04,10,ACTIVE,2025-01-01T00:00:00
S-0373,Student 373,CLASS-05,12,ACTIVE,2025-01-01T00:00:00
S-0374,Student 374,CLASS-10,10,ACTIVE,2025-01-01T00:00:00
S-0375,Student 375,CLASS-10,10,ACTIVE,2025-01-01T00:00:00
S-0376,Student 376,CLASS-06,12,ACTIVE,2025-01-01T00:00:00
S-0377,Student 377,CLASS-07,12,ACTIVE,2025-01-01T00:00:00
S-0378,Student 378,CLASS-06,10,ACTIVE,2025-01-01T00:00:00
S-0379,Student 379,CLASS-09,12,ACTIVE,2025-01-01T00:00:00
S-0380,Student 380,CLASS-06,10,ACTIVE,2025-01-01T00:00:00
S-0381,Student 381,CLASS-07,11,ACTIVE,2025-01-01T00:00:00
S-0382,Student 382,CLASS-02,11,ACTIVE,2025-01-01T00:00:00
S-0383,Student 383,CLASS-06,12,ACTIVE,2025-01-01T00:00:00
S-0384,Student 384,CLASS-08,12,ACTIVE,2025-01-01T00:00:00
S-0385,Student 385,CLASS-03,11,ACTIVE,2025-01-01T00:00:00
S-0386,Student 386,CLASS-03,12,ACTIVE,2025-01-01T00:00:00
S-0387,Student 387,CLASS-09,12,ACTIVE,2025-01-01T00:00:00
S-0388,Student 388,CLASS-05,12,ACTIVE,2025-01-01T00:00:00
S-0389,Student 389,CLASS-09,11,ACTIVE,2025-01-01T00:00:00
S-0390,Student 390,CLASS-08,11,ACTIVE,2025-01-01T00:00:00
S-0391,Student 391,CLASS-10,11,ACTIVE,2025-01-01T00:00:00
S-0392,Student 392,CLASS-06,10,ACTIVE,2025-01-01T00:00:00
S-0393,Student 393,CLASS-02,11,ACTIVE,2025-01-01T00:00:00
S-0394,Student 394,CLASS-08,10,ACTIVE,2025-01-01T00:00:00
S-0395,Student 395,CLASS-08,12,ACTIVE,2025-01-01T00:00:00
S-0396,Student 396,CLASS-10,12,ACTIVE,2025-01-01T00:00:00
S-0397,Student 397,CLASS-07,11,ACTIVE,2025-01-01T00:00:00
S-0398,Student 398,CLASS-01,11,ACTIVE,2025-01-01T00:00:00
S-0399,Student 399,CLASS-06,10,ACTIVE,2025-01-01T00:00:00
S-0400,Student 400,CLASS-08,10,ACTIVE,2025-01-01T00:00:00
S-0401,Student 401,CLASS-06,11,ACTIVE,2025-01-01T00:00:00
S-0402,Student 402,CLASS-06,11,ACTIVE,2025-01-01T00:00:00
S-0403,Student 403,CLASS-10,12,ACTIVE,2025-01-01T00:00:00
S-0404,Student 404,CLASS-05,12,ACTIVE,2025-01-01T00:00:00
S-0405,Student 405,CLASS-01,12,ACTIVE,2025-01-01T00:00:00
S-0406,Student 406,CLASS-04,10,ACTIVE,2025-01-01T00:00:00
S-0407,Student 407,CLASS-04,12,ACTIVE,2025-01-01T00:00:00
S-0408,Student 408,CLASS-07,11,ACTIVE,2025-01-01T00:00:00
S-0409,Student 409,CLASS-09,10,ACTIVE,2025-01-01T00:00:00
S-0410,Student 410,CLASS-08,12,ACTIVE,2025-01-01T00:00:00
S-0411,Student 411,CLASS-08,11,ACTIVE,2025-01-01T00:00:00
S-0412,Student 412,CLASS-01,10,ACTIVE,2025-01-01T00:00:00
S-0413,Student 413,CLASS-05,10,ACTIVE,2025-01-01T00:00:00
S-0414,Student 414,CLASS-07,12,ACTIVE,2025-01-01T00:00:00
S-0415,Student 415,CLASS-04,11,ACTIVE,2025-01-01T00:00:00
S-0416,Student 416,CLASS-10,11,ACTIVE,2025-01-01T00:00:00
S-0417,Student 417,CLASS-08,12,ACTIVE,2025-01-01T00:00:00
S-0418,Student 418,CLASS-09,11,ACTIVE,2025-01-01T00:00:00
S-0419,Student 419,CLASS-07,12,ACTIVE,2025-01-01T00:00:00
S-0420,Student 420,CLASS-09,11,ACTIVE,2025-01-01T00:00:00
S-0421,Student 421,CLASS-06,12,ACTIVE,2025-01-01T00:00:00
S-0422,Student 422,CLASS-08,11,ACTIVE,2025-01-01T00:00:00
S-0423,Student 423,CLASS-05,11,ACTIVE,2025-01-01T00:00:00
S-0424,Student 424,CLASS-04,10,ACTIVE,2025-01-01T00:00:00
S-0425,Student 425,CLASS-04,11,ACTIVE,2025-01-01T00:00:00
S-0426,Student 426,CLASS-02,12,ACTIVE,2025-01-01T00:00:00
S-0427,Student 427,CLASS-09,12,ACTIVE,2025-01-01T00:00:00
S-0428,Student 428,CLASS-03,10,ACTIVE,2025-01-01T00:00:00
S-0429,Student 429,CLASS-04,12,ACTIVE,2025-01-01T00:00:00
S-0430,Student 430,CLASS-08,11,ACTIVE,2025-01-01T00:00:00
S-0431,Student 431,CLASS-10,12,ACTIVE,2025-01-01T00:00:00
S-0432,Student 432,CLASS-10,11,ACTIVE,2025-01-01T00:00:00
S-0433,Student 433,CLASS-02,10,ACTIVE,2025-01-01T00:00:00
S-0434,Student 434,CLASS-05,10,ACTIVE,2025-01-01T00:00:00
S-0435,Student 435,CLASS-06,10,ACTIVE,2025-01-01T00:00:00
S-0436,Student 436,CLASS-05,10,ACTIVE,2025-01-01T00:00:00
S-0437,Student 437,CLASS-09,10,ACTIVE,2025-01-01T00:00:00
S-0438,Student 438,CLASS-05,10,ACTIVE,2025-01-01T00:00:00
S-0439,Student 439,CLASS-01,12,ACTIVE,2025-01-01T00:00:00
S-0440,Student 440,CLASS-05,12,ACTIVE,2025-01-01T00:00:00
S-0441,Student 441,CLASS-03,12,ACTIVE,2025-01-01T00:00:00
S-0442,Student 442,CLASS-08,10,ACTIVE,2025-01-01T00:00:00
S-0443,Student 443,CLASS-01,12,ACTIVE,2025-01-01T00:00:00
S-0444,Student 444,CLASS-05,11,ACTIVE,2025-01-01T00:00:00
S-0445,Student 445,CLASS-08,11,ACTIVE,2025-01-01T00:00:00
S-0446,Student 446,CLASS-06,10,ACTIVE,2025-01-01T00:00:00
S-0447,Student 447,CLASS-01,11,ACTIVE,2025-01-01T00:00:00
S-0448,Student 448,CLASS-08,10,ACTIVE,2025-01-01T00:00:00
S-0449,Student 449,CLASS-02,11,ACTIVE,2025-01-01T00:00:00
S-0450,Student 450,CLASS-08,10,ACTIVE,2025-01-01T00:00:00
S-0451,Student 451,CLASS-10,12,ACTIVE,2025-01-01T00:00:00
S-0452,Student 452,CLASS-01,10,ACTIVE,2025-01-01T00:00:00
S-0453,Student 453,CLASS-03,12,ACTIVE,2025-01-01T00:00:00
S-0454,Student 454,CLASS-05,10,ACTIVE,2025-01-01T00:00:00
S-0455,Student 455,CLASS-04,10,ACTIVE,2025-01-01T00:00:00
S-0456,Student 456,CLASS-09,11,ACTIVE,2025-01-01T00:00:00
S-0457,Student 457,CLASS-10,12,ACTIVE,2025-01-01T00:00:00
S-0458,Student 458,CLASS-10,10,ACTIVE,2025-01-01T00:00:00
S-0459,Student 459,CLASS-09,11,ACTIVE,2025-01-01T00:00:00
S-0460,Student 460,CLASS-08,11,ACTIVE,2025-01-01T00:00:00
S-0461,Student 461,CLASS-05,12,ACTIVE,2025-01-01T00:00:00
S-0462,Student 462,CLASS-07,11,ACTIVE,2025-01-01T00:00:00
S-0463,Student 463,CLASS-10,12,ACTIVE,2025-01-01T00:00:00
S-0464,Student 464,CLASS-01,12,ACTIVE,2025-01-01T00:00:00
S-0465,Student 465,CLASS-02,10,ACTIVE,2025-01-01T00:00:00
S-0466,Student 466,CLASS-04,11,ACTIVE,2025-01-01T00:00:00
S-0467,Student 467,CLASS-02,10,ACTIVE,2025-01-01T00:00:00
S-0468,Student 468,CLASS-04,10,ACTIVE,2025-01-01T00:00:00
S-0469,Student 469,CLASS-09,10,ACTIVE,2025-01-01T00:00:00
S-0470,Student 470,CLASS-03,10,ACTIVE,2025-01-01T00:00:00
S-0471,Student 471,CLASS-07,11,ACTIVE,2025-01-01T00:00:00
S-0472,Student 472,CLASS-10,11,ACTIVE,2025-01-01T00:00:00
S-0473,Student 473,CLASS-05,10,ACTIVE,2025-01-01T00:00:00
S-0474,Student 474,CLASS-04,11,ACTIVE,2025-01-01T00:00:00
S-0475,Student 475,CLASS-05,12,ACTIVE,2025-01-01T00:00:00
S-0476,Student 476,CLASS-08,10,ACTIVE,2025-01-01T00:00:00
S-0477,Student 477,CLASS-04,11,ACTIVE,2025-01-01T00:00:00
S-0478,Student 478,CLASS-10,12,ACTIVE,2025-01-01T00:00:00
S-0479,Student 479,CLASS-04,11,ACTIVE,2025-01-01T00:00:00
S-0480,Student 480,CLASS-02,12,ACTIVE,2025-01-01T00:00:00
S-0481,Student 481,CLASS-04,12,ACTIVE,2025-01-01T00:00:00
S-0482,Student 482,CLASS-03,11,ACTIVE,2025-01-01T00:00:00
S-0483,Student 483,CLASS-03,10,ACTIVE,2025-01-01T00:00:00
S-0484,Student 484,CLASS-01,10,ACTIVE,2025-01-01T00:00:00
S-0485,Student 485,CLASS-05,12,ACTIVE,2025-01-01T00:00:00
S-0486,Student 486,CLASS-10,11,ACTIVE,2025-01-01T00:00:00
S-0487,Student 487,CLASS-08,10,ACTIVE,2025-01-01T00:00:00
S-0488,Student 488,CLASS-08,12,ACTIVE,2025-01-01T00:00:00
S-0489,Student 489,CLASS-05,12,ACTIVE,2025-01-01T00:00:00
S-0490,Student 490,CLASS-07,11,ACTIVE,2025-01-01T00:00:00
S-0491,Student 491,CLASS-09,12,ACTIVE,2025-01-01T00:00:00
S-0492,Student 492,CLASS-08,11,ACTIVE,2025-01-01T00:00:00
S-0493,Student 493,CLASS-02,12,ACTIVE,2025-01-01T00:00:00
S-0494,Student 494,CLASS-01,11,ACTIVE,2025-01-01T00:00:00
S-0495,Student 495,CLASS-06,12,ACTIVE,2025-01-01T00:00:00
S-0496,Student 496,CLASS-05,10,ACTIVE,2025-01-01T00:00:00
S-0497,Student 497,CLASS-02,10,ACTIVE,2025-01-01T00:00:00
S-0498,Student 498,CLASS-10,12,ACTIVE,2025-01-01T00:00:00
S-0499,Student 499,CLASS-01,12,ACTIVE,2025-01-01T00:00:00
S-0500,Student 500,CLASS-05,12,ACTIVE,2025-01-01T00:00:00
S-0501,Student 501,CLASS-01,10,ACTIVE,2025-01-01T00:00:00
S-0502,Student 502,CLASS-08,12,ACTIVE,2025-01-01T00:00:00
S-0503,Student 503,CLASS-08,11,ACTIVE,2025-01-01T00:00:00
S-0504,Student 504,CLASS-03,12,ACTIVE,2025-01-01T00:00:00
S-0505,Student 505,CLASS-07,12,ACTIVE,2025-01-01T00:00:00
S-0506,Student 506,CLASS-08,10,ACTIVE,2025-01-01T00:00:00
S-0507,Student 507,CLASS-08,11,ACTIVE,2025-01-01T00:00:00
S-0508,Student 508,CLASS-07,11,ACTIVE,2025-01-01T00:00:00
S-0509,Student 509,CLASS-06,12,ACTIVE,2025-01-01T00:00:00
S-0510,Student 510,CLASS-02,10,ACTIVE,2025-01-01T00:00:00
S-0511,Student 511,CLASS-06,11,ACTIVE,2025-01-01T00:00:00
S-0512,Student 512,CLASS-08,11,ACTIVE,2025-01-01T00:00:00
S-0513,Student 513,CLASS-07,12,ACTIVE,2025-01-01T00:00:00
S-0514,Student 514,CLASS-01,11,ACTIVE,2025-01-01T00:00:00
S-0515,Student 515,CLASS-02,11,ACTIVE,2025-01-01T00:00:00
S-0516,Student 516,CLASS-05,11,ACTIVE,2025-01-01T00:00:00
S-0517,Student 517,CLASS-02,11,ACTIVE,2025-01-01T00:00:00
S-0518,Student 518,CLASS-09,10,ACTIVE,2025-01-01T00:00:00
S-0519,Student 519,CLASS-09,11,ACTIVE,2025-01-01T00:00:00
S-0520,Student 520,CLASS-07,10,ACTIVE,2025-01-01T00:00:00
S-0521,Student 521,CLASS-04,12,ACTIVE,2025-01-01T00:00:00
S-0522,Student 522,CLASS-06,12,ACTIVE,2025-01-01T00:00:00
S-0523,Student 523,CLASS-08,12,ACTIVE,2025-01-01T00:00:00
S-0524,Student 524,CLASS-08,10,ACTIVE,2025-01-01T00:00:00
S-0525,Student 525,CLASS-04,11,ACTIVE,2025-01-01T00:00:00
S-0526,Student 526,CLASS-09,10,ACTIVE,2025-01-01T00:00:00
S-0527,Student 527,CLASS-05,11,ACTIVE,2025-01-01T00:00:00
S-0528,Student 528,CLASS-08,10,ACTIVE,2025-01-01T00:00:00
S-0529,Student 529,CLASS-01,12,ACTIVE,2025-01-01T00:00:00
S-0530,Student 530,CLASS-10,10,ACTIVE,2025-01-01T00:00:00
S-0531,Student 531,CLASS-03,11,ACTIVE,2025-01-01T00:00:00
S-0532,Student 532,CLASS-09,10,ACTIVE,2025-01-01T00:00:00
S-0533,Student 533,CLASS-09,11,ACTIVE,2025-01-01T00:00:00
S-0534,Student 534,CLASS-02,10,ACTIVE,2025-01-01T00:00:00
S-0535,Student 535,CLASS-02,11,ACTIVE,2025-01-01T00:00:00
S-0536,Student 536,CLASS-02,12,ACTIVE,2025-01-01T00:00:00
S-0537,Student 537,CLASS-03,11,ACTIVE,2025-01-01T00:00:00
S-0538,Student 538,CLASS-05,12,ACTIVE,2025-01-01T00:00:00
S-0539,Student 539,CLASS-05,11,ACTIVE,2025-01-01T00:00:00
S-0540,Student 540,CLASS-08,11,ACTIVE,2025-01-01T00:00:00
S-0541,Student 541,CLASS-04,11,ACTIVE,2025-01-01T00:00:00
S-0542,Student 542,CLASS-09,10,ACTIVE,2025-01-01T00:00:00
S-0543,Student 543,CLASS-07,10,ACTIVE,2025-01-01T00:00:00
S-0544,Student 544,CLASS-10,12,ACTIVE,2025-01-01T00:00:00
S-0545,Student 545,CLASS-03,10,ACTIVE,2025-01-01T00:00:00
S-0546,Student 546,CLASS-05,11,ACTIVE,2025-01-01T00:00:00
S-0547,Student 547,CLASS-06,12,ACTIVE,2025-01-01T00:00:00
S-0548,Student 548,CLASS-05,10,ACTIVE,2025-01-01T00:00:00
S-0549,Student 549,CLASS-05,12,ACTIVE,2025-01-01T00:00:00
S-0550,Student 550,CLASS-05,12,ACTIVE,2025-01-01T00:00:00
S-0551,Student 551,CLASS-10,12,ACTIVE,2025-01-01T00:00:00
S-0552,Student 552,CLASS-08,10,ACTIVE,2025-01-01T00:00:00
S-0553,Student 553,CLASS-08,12,ACTIVE,2025-01-01T00:00:00
S-0554,Student 554,CLASS-08,11,ACTIVE,2025-01-01T00:00:00
S-0555,Student 555,CLASS-06,12,ACTIVE,2025-01-01T00:00:00
S-0556,Student 556,CLASS-09,11,ACTIVE,2025-01-01T00:00:00
S-0557,Student 557,CLASS-08,11,ACTIVE,2025-01-01T00:00:00
S-0558,Student 558,CLASS-04,12,ACTIVE,2025-01-01T00:00:00
S-0559,Student 559,CLASS-04,12,ACTIVE,2025-01-01T00:00:00
S-0560,Student 560,CLASS-07,10,ACTIVE,2025-01-01T00:00:00
S-0561,Student 561,CLASS-07,10,ACTIVE,2025-01-01T00:00:00
S-0562,Student 562,CLASS-06,12,ACTIVE,2025-01-01T00:00:00
S-0563,Student 563,CLASS-08,12,ACTIVE,2025-01-01T00:00:00
S-0564,Student 564,CLASS-07,11,ACTIVE,2025-01-01T00:00:00
S-0565,Student 565,CLASS-03,11,ACTIVE,2025-01-01T00:00:00
S-0566,Student 566,CLASS-01,10,ACTIVE,2025-01-01T00:00:00
S-0567,Student 567,CLASS-09,12,ACTIVE,2025-01-01T00:00:00
S-0568,Student 568,CLASS-06,10,ACTIVE,2025-01-01T00:00:00
S-0569,Student 569,CLASS-08,10,ACTIVE,2025-01-01T00:00:00
S-0570,Student 570,CLASS-09,11,ACTIVE,2025-01-01T00:00:00
S-0571,Student 571,CLASS-01,12,ACTIVE,2025-01-01T00:00:00
S-0572,Student 572,CLASS-03,11,ACTIVE,2025-01-01T00:00:00
S-0573,Student 573,CLASS-03,10,ACTIVE,2025-01-01T00:00:00
S-0574,Student 574,CLASS-08,11,ACTIVE,2025-01-01T00:00:00
S-0575,Student 575,CLASS-06,12,ACTIVE,2025-01-01T00:00:00
S-0576,Student 576,CLASS-07,12,ACTIVE,2025-01-01T00:00:00
S-0577,Student 577,CLASS-02,11,ACTIVE,2025-01-01T00:00:00
S-0578,Student 578,CLASS-09,11,ACTIVE,2025-01-01T00:00:00
S-0579,Student 579,CLASS-06,12,ACTIVE,2025-01-01T00:00:00
S-0580,Student 580,CLASS-08,12,ACTIVE,2025-01-01T00:00:00
S-0581,Student 581,CLASS-01,12,ACTIVE,2025-01-01T00:00:00
S-0582,Student 582,CLASS-02,10,ACTIVE,2025-01-01T00:00:00
S-0583,Student 583,CLASS-05,10,ACTIVE,2025-01-01T00:00:00
S-0584,Student 584,CLASS-02,11,ACTIVE,2025-01-01T00:00:00
S-0585,Student 585,CLASS-02,12,ACTIVE,2025-01-01T00:00:00
S-0586,Student 586,CLASS-02,11,ACTIVE,2025-01-01T00:00:00
S-0587,Student 587,CLASS-03,12,ACTIVE,2025-01-01T00:00:00
S-0588,Student 588,CLASS-05,10,ACTIVE,2025-01-01T00:00:00
S-0589,Student 589,CLASS-01,11,ACTIVE,2025-01-01T00:00:00
S-0590,Student 590,CLASS-01,11,ACTIVE,2025-01-01T00:00:00
S-0591,Student 591,CLASS-06,11,ACTIVE,2025-01-01T00:00:00
S-0592,Student 592,CLASS-07,10,ACTIVE,2025-01-01T00:00:00
S-0593,Student 593,CLASS-04,12,ACTIVE,2025-01-01T00:00:00
S-0594,Student 594,CLASS-07,12,ACTIVE,2025-01-01T00:00:00
S-0595,Student 595,CLASS-03,10,ACTIVE,2025-01-01T00:00:00
S-0596,Student 596,CLASS-03,10,ACTIVE,2025-01-01T00:00:00
S-0597,Student 597,CLASS-10,11,ACTIVE,2025-01-01T00:00:00
S-0598,Student 598,CLASS-10,12,ACTIVE,2025-01-01T00:00:00
S-0599,Student 599,CLASS-04,11,ACTIVE,2025-01-01T00:00:00
S-0600,Student 600,CLASS-10,10,ACTIVE,2025-01-01T00:00:00
S-0601,Student 601,CLASS-04,11,ACTIVE,2025-01-01T00:00:00
S-0602,Student 602,CLASS-05,11,ACTIVE,2025-01-01T00:00:00
S-0603,Student 603,CLASS-05,12,ACTIVE,2025-01-01T00:00:00
S-0604,Student 604,CLASS-01,11,ACTIVE,2025-01-01T00:00:00
S-0605,Student 605,CLASS-05,12,ACTIVE,2025-01-01T00:00:00
S-0606,Student 606,CLASS-09,10,ACTIVE,2025-01-01T00:00:00
S-0607,Student 607,CLASS-02,11,ACTIVE,2025-01-01T00:00:00
S-0608,Student 608,CLASS-06,12,ACTIVE,2025-01-01T00:00:00
S-0609,Student 609,CLASS-05,12,ACTIVE,2025-01-01T00:00:00
S-0610,Student 610,CLASS-07,12,ACTIVE,2025-01-01T00:00:00
S-0611,Student 611,CLASS-05,11,ACTIVE,2025-01-01T00:00:00
S-0612,Student 612,CLASS-05,10,ACTIVE,2025-01-01T00:00:00
S-0613,Student 613,CLASS-07,11,ACTIVE,2025-01-01T00:00:00
S-0614,Student 614,CLASS-02,10,ACTIVE,2025-01-01T00:00:00
S-0615,Student 615,CLASS-07,12,ACTIVE,2025-01-01T00:00:00
S-0616,Student 616,CLASS-06,12,ACTIVE,2025-01-01T00:00:00
S-0617,Student 617,CLASS-05,12,ACTIVE,2025-01-01T00:00:00
S-0618,Student 618,CLASS-05,10,ACTIVE,2025-01-01T00:00:00
S-0619,Student 619,CLASS-07,11,ACTIVE,2025-01-01T00:00:00
S-0620,Student 620,CLASS-01,12,ACTIVE,2025-01-01T00:00:00
S-0621,Student 621,CLASS-01,12,ACTIVE,2025-01-01T00:00:00
S-0622,Student 622,CLASS-08,11,ACTIVE,2025-01-01T00:00:00
S-0623,Student 623,CLASS-04,12,ACTIVE,2025-01-01T00:00:00
S-0624,Student 624,CLASS-06,10,ACTIVE,2025-01-01T00:00:00
S-0625,Student 625,CLASS-04,12,ACTIVE,2025-01-01T00:00:00
S-0626,Student 626,CLASS-05,12,ACTIVE,2025-01-01T00:00:00
S-0627,Student 627,CLASS-03,12,ACTIVE,2025-01-01T00:00:00
S-0628,Student 628,CLASS-02,12,ACTIVE,2025-01-01T00:00:00
S-0629,Student 629,CLASS-01,11,ACTIVE,2025-01-01T00:00:00
S-0630,Student 630,CLASS-08,10,ACTIVE,2025-01-01T00:00:00
S-0631,Student 631,CLASS-10,11,ACTIVE,2025-01-01T00:00:00
S-0632,Student 632,CLASS-03,10,ACTIVE,2025-01-01T00:00:00
S-0633,Student 633,CLASS-05,11,ACTIVE,2025-01-01T00:00:00
S-0634,Student 634,CLASS-07,10,ACTIVE,2025-01-01T00:00:00
S-0635,Student 635,CLASS-04,10,ACTIVE,2025-01-01T00:00:00
S-0636,Student 636,CLASS-09,11,ACTIVE,2025-01-01T00:00:00
S-0637,Student 637,CLASS-09,12,ACTIVE,2025-01-01T00:00:00
S-0638,Student 638,CLASS-05,10,ACTIVE,2025-01-01T00:00:00
S-0639,Student 639,CLASS-05,11,ACTIVE,2025-01-01T00:00:00
S-0640,Student 640,CLASS-05,12,ACTIVE,2025-01-01T00:00:00
S-0641,Student 641,CLASS-06,10,ACTIVE,2025-01-01T00:00:00
S-0642,Student 642,CLASS-08,10,ACTIVE,2025-01-01T00:00:00
S-0643,Student 643,CLASS-03,10,ACTIVE,2025-01-01T00:00:00
S-0644,Student 644,CLASS-07,12,ACTIVE,2025-01-01T00:00:00
S-0645,Student 645,CLASS-06,10,ACTIVE,2025-01-01T00:00:00
S-0646,Student 646,CLASS-07,10,ACTIVE,2025-01-01T00:00:00
S-0647,Student 647,CLASS-05,12,ACTIVE,2025-01-01T00:00:00
S-0648,Student 648,CLASS-02,11,ACTIVE,2025-01-01T00:00:00
S-0649,Student 649,CLASS-06,12,ACTIVE,2025-01-01T00:00:00
S-0650,Student 650,CLASS-05,12,ACTIVE,2025-01-01T00:00:00
S-0651,Student 651,CLASS-07,12,ACTIVE,2025-01-01T00:00:00
S-0652,Student 652,CLASS-06,10,ACTIVE,2025-01-01T00:00:00
S-0653,Student 653,CLASS-04,11,ACTIVE,2025-01-01T00:00:00
S-0654,Student 654,CLASS-01,12,ACTIVE,2025-01-01T00:00:00
S-0655,Student 655,CLASS-09,11,ACTIVE,2025-01-01T00:00:00
S-0656,Student 656,CLASS-10,10,ACTIVE,2025-01-01T00:00:00
S-0657,Student 657,CLASS-02,12,ACTIVE,2025-01-01T00:00:00
S-0658,Student 658,CLASS-08,12,ACTIVE,2025-01-01T00:00:00
S-0659,Student 659,CLASS-05,12,ACTIVE,2025-01-01T00:00:00
S-0660,Student 660,CLASS-07,10,ACTIVE,2025-01-01T00:00:00
S-0661,Student 661,CLASS-03,10,ACTIVE,2025-01-01T00:00:00
S-0662,Student 662,CLASS-01,11,ACTIVE,2025-01-01T00:00:00
S-0663,Student 663,CLASS-08,10,ACTIVE,2025-01-01T00:00:00
S-0664,Student 664,CLASS-02,10,ACTIVE,2025-01-01T00:00:00
S-0665,Student 665,CLASS-09,10,ACTIVE,2025-01-01T00:00:00
S-0666,Student 666,CLASS-07,11,ACTIVE,2025-01-01T00:00:00
S-0667,Student 667,CLASS-06,12,ACTIVE,2025-01-01T00:00:00
S-0668,Student 668,CLASS-09,11,ACTIVE,2025-01-01T00:00:00
S-0669,Student 669,CLASS-10,12,ACTIVE,2025-01-01T00:00:00
S-0670,Student 670,CLASS-03,11,ACTIVE,2025-01-01T00:00:00
S-0671,Student 671,CLASS-02,11,ACTIVE,2025-01-01T00:00:00
S-0672,Student 672,CLASS-10,11,ACTIVE,2025-01-01T00:00:00
S-0673,Student 673,CLASS-05,10,ACTIVE,2025-01-01T00:00:00
S-0674,Student 674,CLASS-06,10,ACTIVE,2025-01-01T00:00:00
S-0675,Student 675,CLASS-08,11,ACTIVE,2025-01-01T00:00:00
S-0676,Student 676,CLASS-04,11,ACTIVE,2025-01-01T00:00:00
S-0677,Student 677,CLASS-02,12,ACTIVE,2025-01-01T00:00:00
S-0678,Student 678,CLASS-06,12,ACTIVE,2025-01-01T00:00:00
S-0679,Student 679,CLASS-06,10,ACTIVE,2025-01-01T00:00:00
S-0680,Student 680,CLASS-07,11,ACTIVE,2025-01-01T00:00:00
S-0681,Student 681,CLASS-04,10,ACTIVE,2025-01-01T00:00:00
S-0682,Student 682,CLASS-08,10,ACTIVE,2025-01-01T00:00:00
S-0683,Student 683,CLASS-04,12,ACTIVE,2025-01-01T00:00:00
S-0684,Student 684,CLASS-10,10,ACTIVE,2025-01-01T00:00:00
S-0685,Student 685,CLASS-01,11,ACTIVE,2025-01-01T00:00:00
S-0686,Student 686,CLASS-04,10,ACTIVE,2025-01-01T00:00:00
S-0687,Student 687,CLASS-10,10,ACTIVE,2025-01-01T00:00:00
S-0688,Student 688,CLASS-02,12,ACTIVE,2025-01-01T00:00:00
S-0689,Student 689,CLASS-04,12,ACTIVE,2025-01-01T00:00:00
S-0690,Student 690,CLASS-04,10,ACTIVE,2025-01-01T00:00:00
S-0691,Student 691,CLASS-06,10,ACTIVE,2025-01-01T00:00:00
S-0692,Student 692,CLASS-10,10,ACTIVE,2025-01-01T00:00:00
S-0693,Student 693,CLASS-05,10,ACTIVE,2025-01-01T00:00:00
S-0694,Student 694,CLASS-03,12,ACTIVE,2025-01-01T00:00:00
S-0695,Student 695,CLASS-05,10,ACTIVE,2025-01-01T00:00:00
S-0696,Student 696,CLASS-02,12,ACTIVE,2025-01-01T00:00:00
S-0697,Student 697,CLASS-01,10,ACTIVE,2025-01-01T00:00:00
S-0698,Student 698,CLASS-01,11,ACTIVE,2025-01-01T00:00:00
S-0699,Student 699,CLASS-04,12,ACTIVE,2025-01-01T00:00:00
S-0700,Student 700,CLASS-06,10,ACTIVE,2025-01-01T00:00:00
S-0701,Student 701,CLASS-03,11,ACTIVE,2025-01-01T00:00:00
S-0702,Student 702,CLASS-01,10,ACTIVE,2025-01-01T00:00:00
S-0703,Student 703,CLASS-07,12,ACTIVE,2025-01-01T00:00:00
S-0704,Student 704,CLASS-02,12,ACTIVE,2025-01-01T00:00:00
S-0705,Student 705,CLASS-02,11,ACTIVE,2025-01-01T00:00:00
S-0706,Student 706,CLASS-08,11,ACTIVE,2025-01-01T00:00:00
S-0707,Student 707,CLASS-09,12,ACTIVE,2025-01-01T00:00:00
S-0708,Student 708,CLASS-02,11,ACTIVE,2025-01-01T00:00:00
S-0709,Student 709,CLASS-09,10,ACTIVE,2025-01-01T00:00:00
S-0710,Student 710,CLASS-10,10,ACTIVE,2025-01-01T00:00:00
S-0711,Student 711,CLASS-09,11,ACTIVE,2025-01-01T00:00:00
S-0712,Student 712,CLASS-08,12,ACTIVE,2025-01-01T00:00:00
S-0713,Student 713,CLASS-01,10,ACTIVE,2025-01-01T00:00:00
S-0714,Student 714,CLASS-08,11,ACTIVE,2025-01-01T00:00:00
S-0715,Student 715,CLASS-07,12,ACTIVE,2025-01-01T00:00:00
S-0716,Student 716,CLASS-02,11,ACTIVE,2025-01-01T00:00:00
S-0717,Student 717,CLASS-08,10,ACTIVE,2025-01-01T00:00:00
S-0718,Student 718,CLASS-02,11,ACTIVE,2025-01-01T00:00:00
S-0719,Student 719,CLASS-10,10,ACTIVE,2025-01-01T00:00:00
S-0720,Student 720,CLASS-02,10,ACTIVE,2025-01-01T00:00:00
S-0721,Student 721,CLASS-05,12,ACTIVE,2025-01-01T00:00:00
S-0722,Student 722,CLASS-10,12,ACTIVE,2025-01-01T00:00:00
S-0723,Student 723,CLASS-06,11,ACTIVE,2025-01-01T00:00:00
S-0724,Student 724,CLASS-10,12,ACTIVE,2025-01-01T00:00:00
S-0725,Student 725,CLASS-05,11,ACTIVE,2025-01-01T00:00:00
S-0726,Student 726,CLASS-09,12,ACTIVE,2025-01-01T00:00:00
S-0727,Student 727,CLASS-07,10,ACTIVE,2025-01-01T00:00:00
S-0728,Student 728,CLASS-02,12,ACTIVE,2025-01-01T00:00:00
S-0729,Student 729,CLASS-09,12,ACTIVE,2025-01-01T00:00:00
S-0730,Student 730,CLASS-04,11,ACTIVE,2025-01-01T00:00:00
S-0731,Student 731,CLASS-08,10,ACTIVE,2025-01-01T00:00:00
S-0732,Student 732,CLASS-07,11,ACTIVE,2025-01-01T00:00:00
S-0733,Student 733,CLASS-08,11,ACTIVE,2025-01-01T00:00:00
S-0734,Student 734,CLASS-07,12,ACTIVE,2025-01-01T00:00:00
S-0735,Student 735,CLASS-02,11,ACTIVE,2025-01-01T00:00:00
S-0736,Student 736,CLASS-07,11,ACTIVE,2025-01-01T00:00:00
S-0737,Student 737,CLASS-05,11,ACTIVE,2025-01-01T00:00:00
S-0738,Student 738,CLASS-03,12,ACTIVE,2025-01-01T00:00:00
S-0739,Student 739,CLASS-08,10,ACTIVE,2025-01-01T00:00:00
S-0740,Student 740,CLASS-02,10,ACTIVE,2025-01-01T00:00:00
S-0741,Student 741,CLASS-02,11,ACTIVE,2025-01-01T00:00:00
S-0742,Student 742,CLASS-02,12,ACTIVE,2025-01-01T00:00:00
S-0743,Student 743,CLASS-06,10,ACTIVE,2025-01-01T00:00:00
S-0744,Student 744,CLASS-09,10,ACTIVE,2025-01-01T00:00:00
S-0745,Student 745,CLASS-10,12,ACTIVE,2025-01-01T00:00:00
S-0746,Student 746,CLASS-09,11,ACTIVE,2025-01-01T00:00:00
S-0747,Student 747,CLASS-02,11,ACTIVE,2025-01-01T00:00:00
S-0748,Student 748,CLASS-06,12,ACTIVE,2025-01-01T00:00:00
S-0749,Student 749,CLASS-07,12,ACTIVE,2025-01-01T00:00:00
S-0750,Student 750,CLASS-01,11,ACTIVE,2025-01-01T00:00:00
S-0751,Student 751,CLASS-10,11,ACTIVE,2025-01-01T00:00:00
S-0752,Student 752,CLASS-06,10,ACTIVE,2025-01-01T00:00:00
S-0753,Student 753,CLASS-10,12,ACTIVE,2025-01-01T00:00:00
S-0754,Student 754,CLASS-04,10,ACTIVE,2025-01-01T00:00:00
S-0755,Student 755,CLASS-08,10,ACTIVE,2025-01-01T00:00:00
S-0756,Student 756,CLASS-02,11,ACTIVE,2025-01-01T00:00:00
S-0757,Student 757,CLASS-09,11,ACTIVE,2025-01-01T00:00:00
S-0758,Student 758,CLASS-02,11,ACTIVE,2025-01-01T00:00:00
S-0759,Student 759,CLASS-10,10,ACTIVE,2025-01-01T00:00:00
S-0760,Student 760,CLASS-07,12,ACTIVE,2025-01-01T00:00:00
S-0761,Student 761,CLASS-10,12,ACTIVE,2025-01-01T00:00:00
S-0762,Student 762,CLASS-09,10,ACTIVE,2025-01-01T00:00:00
S-0763,Student 763,CLASS-10,12,ACTIVE,2025-01-01T00:00:00
S-0764,Student 764,CLASS-05,10,ACTIVE,2025-01-01T00:00:00
S-0765,Student 765,CLASS-03,11,ACTIVE,2025-01-01T00:00:00
S-0766,Student 766,CLASS-05,11,ACTIVE,2025-01-01T00:00:00
S-0767,Student 767,CLASS-06,10,ACTIVE,2025-01-01T00:00:00
S-0768,Student 768,CLASS-03,10,ACTIVE,2025-01-01T00:00:00
S-0769,Student 769,CLASS-10,12,ACTIVE,2025-01-01T00:00:00
S-0770,Student 770,CLASS-07,10,ACTIVE,2025-01-01T00:00:00
S-0771,Student 771,CLASS-03,12,ACTIVE,2025-01-01T00:00:00
S-0772,Student 772,CLASS-01,10,ACTIVE,2025-01-01T00:00:00
S-0773,Student 773,CLASS-09,10,ACTIVE,2025-01-01T00:00:00
S-0774,Student 774,CLASS-07,11,ACTIVE,2025-01-01T00:00:00
S-0775,Student 775,CLASS-08,11,ACTIVE,2025-01-01T00:00:00
S-0776,Student 776,CLASS-03,11,ACTIVE,2025-01-01T00:00:00
S-0777,Student 777,CLASS-05,12,ACTIVE,2025-01-01T00:00:00
S-0778,Student 778,CLASS-06,12,ACTIVE,2025-01-01T00:00:00
S-0779,Student 779,CLASS-10,10,ACTIVE,2025-01-01T00:00:00
S-0780,Student 780,CLASS-01,10,ACTIVE,2025-01-01T00:00:00
S-0781,Student 781,CLASS-03,12,ACTIVE,2025-01-01T00:00:00
S-0782,Student 782,CLASS-01,12,ACTIVE,2025-01-01T00:00:00
S-0783,Student 783,CLASS-02,11,ACTIVE,2025-01-01T00:00:00
S-0784,Student 784,CLASS-08,12,ACTIVE,2025-01-01T00:00:00
S-0785,Student 785,CLASS-07,11,ACTIVE,2025-01-01T00:00:00
S-0786,Student 786,CLASS-10,11,ACTIVE,2025-01-01T00:00:00
S-0787,Student 787,CLASS-07,11,ACTIVE,2025-01-01T00:00:00
S-0788,Student 788,CLASS-04,12,ACTIVE,2025-01-01T00:00:00
S-0789,Student 789,CLASS-02,11,ACTIVE,2025-01-01T00:00:00
S-0790,Student 790,CLASS-07,10,ACTIVE,2025-01-01T00:00:00
S-0791,Student 791,CLASS-05,12,ACTIVE,2025-01-01T00:00:00
S-0792,Student 792,CLASS-10,11,ACTIVE,2025-01-01T00:00:00
S-0793,Student 793,CLASS-09,12,ACTIVE,2025-01-01T00:00:00
S-0794,Student 794,CLASS-05,10,ACTIVE,2025-01-01T00:00:00
S-0795,Student 795,CLASS-04,11,ACTIVE,2025-01-01T00:00:00
S-0796,Student 796,CLASS-10,10,ACTIVE,2025-01-01T00:00:00
S-0797,Student 797,CLASS-01,10,ACTIVE,2025-01-01T00:00:00
S-0798,Student 798,CLASS-05,10,ACTIVE,2025-01-01T00:00:00
S-0799,Student 799,CLASS-03,11,ACTIVE,2025-01-01T00:00:00
S-0800,Student 800,CLASS-05,11,ACTIVE,2025-01-01T00:00:00
S-0801,Student 801,CLASS-02,10,ACTIVE,2025-01-01T00:00:00
S-0802,Student 802,CLASS-08,12,ACTIVE,2025-01-01T00:00:00
S-0803,Student 803,CLASS-07,10,ACTIVE,2025-01-01T00:00:00
S-0804,Student 804,CLASS-03,11,ACTIVE,2025-01-01T00:00:00
S-0805,Student 805,CLASS-09,12,ACTIVE,2025-01-01T00:00:00
S-0806,Student 806,CLASS-04,12,ACTIVE,2025-01-01T00:00:00
S-0807,Student 807,CLASS-09,12,ACTIVE,2025-01-01T00:00:00
S-0808,Student 808,CLASS-06,10,ACTIVE,2025-01-01T00:00:00
S-0809,Student 809,CLASS-07,12,ACTIVE,2025-01-01T00:00:00
S-0810,Student 810,CLASS-01,11,ACTIVE,2025-01-01T00:00:00
S-0811,Student 811,CLASS-01,11,ACTIVE,2025-01-01T00:00:00
S-0812,Student 812,CLASS-02,11,ACTIVE,2025-01-01T00:00:00
S-0813,Student 813,CLASS-10,11,ACTIVE,2025-01-01T00:00:00
S-0814,Student 814,CLASS-10,11,ACTIVE,2025-01-01T00:00:00
S-0815,Student 815,CLASS-07,11,ACTIVE,2025-01-01T00:00:00
S-0816,Student 816,CLASS-02,11,ACTIVE,2025-01-01T00:00:00
S-0817,Student 817,CLASS-01,11,ACTIVE,2025-01-01T00:00:00
S-0818,Student 818,CLASS-03,12,ACTIVE,2025-01-01T00:00:00
S-0819,Student 819,CLASS-08,12,ACTIVE,2025-01-01T00:00:00
S-0820,Student 820,CLASS-06,10,ACTIVE,2025-01-01T00:00:00
S-0821,Student 821,CLASS-07,10,ACTIVE,2025-01-01T00:00:00
S-0822,Student 822,CLASS-04,11,ACTIVE,2025-01-01T00:00:00
S-0823,Student 823,CLASS-10,11,ACTIVE,2025-01-01T00:00:00
S-0824,Student 824,CLASS-09,10,ACTIVE,2025-01-01T00:00:00
S-0825,Student 825,CLASS-07,11,ACTIVE,2025-01-01T00:00:00
S-0826,Student 826,CLASS-06,10,ACTIVE,2025-01-01T00:00:00
S-0827,Student 827,CLASS-06,10,ACTIVE,2025-01-01T00:00:00
S-0828,Student 828,CLASS-02,12,ACTIVE,2025-01-01T00:00:00
S-0829,Student 829,CLASS-02,12,ACTIVE,2025-01-01T00:00:00
S-0830,Student 830,CLASS-09,10,ACTIVE,2025-01-01T00:00:00
S-0831,Student 831,CLASS-06,11,ACTIVE,2025-01-01T00:00:00
S-0832,Student 832,CLASS-03,10,ACTIVE,2025-01-01T00:00:00
S-0833,Student 833,CLASS-02,10,ACTIVE,2025-01-01T00:00:00
S-0834,Student 834,CLASS-05,10,ACTIVE,2025-01-01T00:00:00
S-0835,Student 835,CLASS-03,12,ACTIVE,2025-01-01T00:00:00
S-0836,Student 836,CLASS-03,12,ACTIVE,2025-01-01T00:00:00
S-0837,Student 837,CLASS-02,10,ACTIVE,2025-01-01T00:00:00
S-0838,Student 838,CLASS-08,11,ACTIVE,2025-01-01T00:00:00
S-0839,Student 839,CLASS-10,12,ACTIVE,2025-01-01T00:00:00
S-0840,Student 840,CLASS-08,12,ACTIVE,2025-01-01T00:00:00
S-0841,Student 841,CLASS-10,12,ACTIVE,2025-01-01T00:00:00
S-0842,Student 842,CLASS-10,11,ACTIVE,2025-01-01T00:00:00
S-0843,Student 843,CLASS-06,10,ACTIVE,2025-01-01T00:00:00
S-0844,Student 844,CLASS-08,10,ACTIVE,2025-01-01T00:00:00
S-0845,Student 845,CLASS-08,11,ACTIVE,2025-01-01T00:00:00
S-0846,Student 846,CLASS-05,11,ACTIVE,2025-01-01T00:00:00
S-0847,Student 847,CLASS-10,10,ACTIVE,2025-01-01T00:00:00
S-0848,Student 848,CLASS-06,12,ACTIVE,2025-01-01T00:00:00
S-0849,Student 849,CLASS-02,11,ACTIVE,2025-01-01T00:00:00
S-0850,Student 850,CLASS-08,11,ACTIVE,2025-01-01T00:00:00
S-0851,Student 851,CLASS-01,10,ACTIVE,2025-01-01T00:00:00
S-0852,Student 852,CLASS-06,11,ACTIVE,2025-01-01T00:00:00
S-0853,Student 853,CLASS-02,12,ACTIVE,2025-01-01T00:00:00
S-0854,Student 854,CLASS-02,12,ACTIVE,2025-01-01T00:00:00
S-0855,Student 855,CLASS-10,12,ACTIVE,2025-01-01T00:00:00
S-0856,Student 856,CLASS-07,11,ACTIVE,2025-01-01T00:00:00
S-0857,Student 857,CLASS-10,12,ACTIVE,2025-01-01T00:00:00
S-0858,Student 858,CLASS-01,11,ACTIVE,2025-01-01T00:00:00
S-0859,Student 859,CLASS-10,12,ACTIVE,2025-01-01T00:00:00
S-0860,Student 860,CLASS-04,11,ACTIVE,2025-01-01T00:00:00
S-0861,Student 861,CLASS-10,11,ACTIVE,2025-01-01T00:00:00
S-0862,Student 862,CLASS-09,10,ACTIVE,2025-01-01T00:00:00
S-0863,Student 863,CLASS-01,11,ACTIVE,2025-01-01T00:00:00
S-0864,Student 864,CLASS-02,11,ACTIVE,2025-01-01T00:00:00
S-0865,Student 865,CLASS-02,12,ACTIVE,2025-01-01T00:00:00
S-0866,Student 866,CLASS-03,10,ACTIVE,2025-01-01T00:00:00
S-0867,Student 867,CLASS-04,12,ACTIVE,2025-01-01T00:00:00
S-0868,Student 868,CLASS-08,11,ACTIVE,2025-01-01T00:00:00
S-0869,Student 869,CLASS-09,12,ACTIVE,2025-01-01T00:00:00
S-0870,Student 870,CLASS-10,10,ACTIVE,2025-01-01T00:00:00
S-0871,Student 871,CLASS-06,11,ACTIVE,2025-01-01T00:00:00
S-0872,Student 872,CLASS-05,11,ACTIVE,2025-01-01T00:00:00
S-0873,Student 873,CLASS-07,11,ACTIVE,2025-01-01T00:00:00
S-0874,Student 874,CLASS-10,10,ACTIVE,2025-01-01T00:00:00
S-0875,Student 875,CLASS-06,10,ACTIVE,2025-01-01T00:00:00
S-0876,Student 876,CLASS-06,10,ACTIVE,2025-01-01T00:00:00
S-0877,Student 877,CLASS-09,12,ACTIVE,2025-01-01T00:00:00
S-0878,Student 878,CLASS-07,11,ACTIVE,2025-01-01T00:00:00
S-0879,Student 879,CLASS-05,12,ACTIVE,2025-01-01T00:00:00
S-0880,Student 880,CLASS-10,10,ACTIVE,2025-01-01T00:00:00
S-0881,Student 881,CLASS-06,10,ACTIVE,2025-01-01T00:00:00
S-0882,Student 882,CLASS-10,12,ACTIVE,2025-01-01T00:00:00
S-0883,Student 883,CLASS-03,11,ACTIVE,2025-01-01T00:00:00
S-0884,Student 884,CLASS-05,12,ACTIVE,2025-01-01T00:00:00
S-0885,Student 885,CLASS-07,10,ACTIVE,2025-01-01T00:00:00
S-0886,Student 886,CLASS-10,12,ACTIVE,2025-01-01T00:00:00
S-0887,Student 887,CLASS-02,11,ACTIVE,2025-01-01T00:00:00
S-0888,Student 888,CLASS-09,11,ACTIVE,2025-01-01T00:00:00
S-0889,Student 889,CLASS-06,10,ACTIVE,2025-01-01T00:00:00
S-0890,Student 890,CLASS-09,10,ACTIVE,2025-01-01T00:00:00
S-0891,Student 891,CLASS-07,12,ACTIVE,2025-01-01T00:00:00
S-0892,Student 892,CLASS-06,10,ACTIVE,2025-01-01T00:00:00
S-0893,Student 893,CLASS-06,11,ACTIVE,2025-01-01T00:00:00
S-0894,Student 894,CLASS-03,10,ACTIVE,2025-01-01T00:00:00
S-0895,Student 895,CLASS-06,11,ACTIVE,2025-01-01T00:00:00
S-0896,Student 896,CLASS-04,10,ACTIVE,2025-01-01T00:00:00
S-0897,Student 897,CLASS-03,10,ACTIVE,2025-01-01T00:00:00
S-0898,Student 898,CLASS-02,11,ACTIVE,2025-01-01T00:00:00
S-0899,Student 899,CLASS-02,12,ACTIVE,2025-01-01T00:00:00
S-0900,Student 900,CLASS-09,12,ACTIVE,2025-01-01T00:00:00
S-0901,Student 901,CLASS-09,10,ACTIVE,2025-01-01T00:00:00
S-0902,Student 902,CLASS-06,12,ACTIVE,2025-01-01T00:00:00
S-0903,Student 903,CLASS-03,12,ACTIVE,2025-01-01T00:00:00
S-0904,Student 904,CLASS-07,10,ACTIVE,2025-01-01T00:00:00
S-0905,Student 905,CLASS-03,10,ACTIVE,2025-01-01T00:00:00
S-0906,Student 906,CLASS-10,10,ACTIVE,2025-01-01T00:00:00
S-0907,Student 907,CLASS-08,10,ACTIVE,2025-01-01T00:00:00
S-0908,Student 908,CLASS-07,11,ACTIVE,2025-01-01T00:00:00
S-0909,Student 909,CLASS-04,11,ACTIVE,2025-01-01T00:00:00
S-0910,Student 910,CLASS-10,11,ACTIVE,2025-01-01T00:00:00
S-0911,Student 911,CLASS-08,10,ACTIVE,2025-01-01T00:00:00
S-0912,Student 912,CLASS-09,10,ACTIVE,2025-01-01T00:00:00
S-0913,Student 913,CLASS-05,11,ACTIVE,2025-01-01T00:00:00
S-0914,Student 914,CLASS-04,11,ACTIVE,2025-01-01T00:00:00
S-0915,Student 915,CLASS-10,11,ACTIVE,2025-01-01T00:00:00
S-0916,Student 916,CLASS-08,11,ACTIVE,2025-01-01T00:00:00
S-0917,Student 917,CLASS-07,12,ACTIVE,2025-01-01T00:00:00
S-0918,Student 918,CLASS-09,11,ACTIVE,2025-01-01T00:00:00
S-0919,Student 919,CLASS-03,10,ACTIVE,2025-01-01T00:00:00
S-0920,Student 920,CLASS-10,10,ACTIVE,2025-01-01T00:00:00
S-0921,Student 921,CLASS-05,10,ACTIVE,2025-01-01T00:00:00
S-0922,Student 922,CLASS-08,11,ACTIVE,2025-01-01T00:00:00
S-0923,Student 923,CLASS-09,10,ACTIVE,2025-01-01T00:00:00
S-0924,Student 924,CLASS-09,10,ACTIVE,2025-01-01T00:00:00
S-0925,Student 925,CLASS-05,10,ACTIVE,2025-01-01T00:00:00
S-0926,Student 926,CLASS-03,11,ACTIVE,2025-01-01T00:00:00
S-0927,Student 927,CLASS-08,12,ACTIVE,2025-01-01T00:00:00
S-0928,Student 928,CLASS-03,11,ACTIVE,2025-01-01T00:00:00
S-0929,Student 929,CLASS-02,10,ACTIVE,2025-01-01T00:00:00
S-0930,Student 930,CLASS-08,11,ACTIVE,2025-01-01T00:00:00
S-0931,Student 931,CLASS-01,11,ACTIVE,2025-01-01T00:00:00
S-0932,Student 932,CLASS-01,11,ACTIVE,2025-01-01T00:00:00
S-0933,Student 933,CLASS-09,11,ACTIVE,2025-01-01T00:00:00
S-0934,Student 934,CLASS-04,11,ACTIVE,2025-01-01T00:00:00
S-0935,Student 935,CLASS-02,11,ACTIVE,2025-01-01T00:00:00
S-0936,Student 936,CLASS-04,10,ACTIVE,2025-01-01T00:00:00
S-0937,Student 937,CLASS-06,10,ACTIVE,2025-01-01T00:00:00
S-0938,Student 938,CLASS-06,10,ACTIVE,2025-01-01T00:00:00
S-0939,Student 939,CLASS-03,10,ACTIVE,2025-01-01T00:00:00
S-0940,Student 940,CLASS-05,11,ACTIVE,2025-01-01T00:00:00
S-0941,Student 941,CLASS-03,12,ACTIVE,2025-01-01T00:00:00
S-0942,Student 942,CLASS-08,11,ACTIVE,2025-01-01T00:00:00
S-0943,Student 943,CLASS-10,10,ACTIVE,2025-01-01T00:00:00
S-0944,Student 944,CLASS-02,10,ACTIVE,2025-01-01T00:00:00
S-0945,Student 945,CLASS-05,10,ACTIVE,2025-01-01T00:00:00
S-0946,Student 946,CLASS-03,12,ACTIVE,2025-01-01T00:00:00
S-0947,Student 947,CLASS-10,12,ACTIVE,2025-01-01T00:00:00
S-0948,Student 948,CLASS-07,10,ACTIVE,2025-01-01T00:00:00
S-0949,Student 949,CLASS-05,10,ACTIVE,2025-01-01T00:00:00
S-0950,Student 950,CLASS-05,10,ACTIVE,2025-01-01T00:00:00
S-0951,Student 951,CLASS-01,10,ACTIVE,2025-01-01T00:00:00
S-0952,Student 952,CLASS-07,12,ACTIVE,2025-01-01T00:00:00
S-0953,Student 953,CLASS-10,11,ACTIVE,2025-01-01T00:00:00
S-0954,Student 954,CLASS-02,10,ACTIVE,2025-01-01T00:00:00
S-0955,Student 955,CLASS-08,12,ACTIVE,2025-01-01T00:00:00
S-0956,Student 956,CLASS-09,10,ACTIVE,2025-01-01T00:00:00
S-0957,Student 957,CLASS-09,12,ACTIVE,2025-01-01T00:00:00
S-0958,Student 958,CLASS-04,12,ACTIVE,2025-01-01T00:00:00
S-0959,Student 959,CLASS-03,11,ACTIVE,2025-01-01T00:00:00
S-0960,Student 960,CLASS-07,10,ACTIVE,2025-01-01T00:00:00
S-0961,Student 961,CLASS-10,11,ACTIVE,2025-01-01T00:00:00
S-0962,Student 962,CLASS-04,12,ACTIVE,2025-01-01T00:00:00
S-0963,Student 963,CLASS-07,10,ACTIVE,2025-01-01T00:00:00
S-0964,Student 964,CLASS-02,12,ACTIVE,2025-01-01T00:00:00
S-0965,Student 965,CLASS-06,10,ACTIVE,2025-01-01T00:00:00
S-0966,Student 966,CLASS-09,12,ACTIVE,2025-01-01T00:00:00
S-0967,Student 967,CLASS-09,12,ACTIVE,2025-01-01T00:00:00
S-0968,Student 968,CLASS-09,10,ACTIVE,2025-01-01T00:00:00
S-0969,Student 969,CLASS-07,11,ACTIVE,2025-01-01T00:00:00
S-0970,Student 970,CLASS-01,12,ACTIVE,2025-01-01T00:00:00
S-0971,Student 971,CLASS-07,11,ACTIVE,2025-01-01T00:00:00
S-0972,Student 972,CLASS-05,12,ACTIVE,2025-01-01T00:00:00
S-0973,Student 973,CLASS-01,11,ACTIVE,2025-01-01T00:00:00
S-0974,Student 974,CLASS-02,11,ACTIVE,2025-01-01T00:00:00
S-0975,Student 975,CLASS-04,12,ACTIVE,2025-01-01T00:00:00
S-0976,Student 976,CLASS-02,12,ACTIVE,2025-01-01T00:00:00
S-0977,Student 977,CLASS-06,10,ACTIVE,2025-01-01T00:00:00
S-0978,Student 978,CLASS-01,11,ACTIVE,2025-01-01T00:00:00
S-0979,Student 979,CLASS-09,11,ACTIVE,2025-01-01T00:00:00
S-0980,Student 980,CLASS-03,12,ACTIVE,2025-01-01T00:00:00
S-0981,Student 981,CLASS-08,12,ACTIVE,2025-01-01T00:00:00
S-0982,Student 982,CLASS-08,12,ACTIVE,2025-01-01T00:00:00
S-0983,Student 983,CLASS-03,10,ACTIVE,2025-01-01T00:00:00
S-0984,Student 984,CLASS-02,12,ACTIVE,2025-01-01T00:00:00
S-0985,Student 985,CLASS-08,10,ACTIVE,2025-01-01T00:00:00
S-0986,Student 986,CLASS-05,10,ACTIVE,2025-01-01T00:00:00
S-0987,Student 987,CLASS-01,10,ACTIVE,2025-01-01T00:00:00
S-0988,Student 988,CLASS-01,11,ACTIVE,2025-01-01T00:00:00
S-0989,Student 989,CLASS-05,12,ACTIVE,2025-01-01T00:00:00
S-0990,Student 990,CLASS-07,12,ACTIVE,2025-01-01T00:00:00
S-0991,Student 991,CLASS-08,11,ACTIVE,2025-01-01T00:00:00
S-0992,Student 992,CLASS-01,12,ACTIVE,2025-01-01T00:00:00
S-0993,Student 993,CLASS-04,11,ACTIVE,2025-01-01T00:00:00
S-0994,Student 994,CLASS-06,10,ACTIVE,2025-01-01T00:00:00
S-0995,Student 995,CLASS-06,11,ACTIVE,2025-01-01T00:00:00
S-0996,Student 996,CLASS-02,11,ACTIVE,2025-01-01T00:00:00
S-0997,Student 997,CLASS-07,11,ACTIVE,2025-01-01T00:00:00
S-0998,Student 998,CLASS-08,11,ACTIVE,2025-01-01T00:00:00
S-0999,Student 999,CLASS-06,10,ACTIVE,2025-01-01T00:00:00
S-1000,Student 1000,CLASS-08,12,ACTIVE,2025-01-01T00:00:00
S-1001,Student 1001,CLASS-08,11,ACTIVE,2025-01-01T00:00:00
S-1002,Student 1002,CLASS-09,11,ACTIVE,2025-01-01T00:00:00
S-1003,Student 1003,CLASS-02,12,ACTIVE,2025-01-01T00:00:00
S-1004,Student 1004,CLASS-07,10,ACTIVE,2025-01-01T00:00:00
S-1005,Student 1005,CLASS-07,12,ACTIVE,2025-01-01T00:00:00
S-1006,Student 1006,CLASS-03,12,ACTIVE,2025-01-01T00:00:00
S-1007,Student 1007,CLASS-05,11,ACTIVE,2025-01-01T00:00:00
S-1008,Student 1008,CLASS-02,10,ACTIVE,2025-01-01T00:00:00
S-1009,Student 1009,CLASS-06,12,ACTIVE,2025-01-01T00:00:00
S-1010,Student 1010,CLASS-05,11,ACTIVE,2025-01-01T00:00:00
S-1011,Student 1011,CLASS-08,12,ACTIVE,2025-01-01T00:00:00
S-1012,Student 1012,CLASS-07,10,ACTIVE,2025-01-01T00:00:00
S-1013,Student 1013,CLASS-08,11,ACTIVE,2025-01-01T00:00:00
S-1014,Student 1014,CLASS-08,10,ACTIVE,2025-01-01T00:00:00
S-1015,Student 1015,CLASS-06,12,ACTIVE,2025-01-01T00:00:00
S-1016,Student 1016,CLASS-07,11,ACTIVE,2025-01-01T00:00:00
S-1017,Student 1017,CLASS-01,10,ACTIVE,2025-01-01T00:00:00
S-1018,Student 1018,CLASS-07,11,ACTIVE,2025-01-01T00:00:00
S-1019,Student 1019,CLASS-09,12,ACTIVE,2025-01-01T00:00:00
S-1020,Student 1020,CLASS-03,10,ACTIVE,2025-01-01T00:00:00
S-1021,Student 1021,CLASS-03,12,ACTIVE,2025-01-01T00:00:00
S-1022,Student 1022,CLASS-08,10,ACTIVE,2025-01-01T00:00:00
S-1023,Student 1023,CLASS-03,10,ACTIVE,2025-01-01T00:00:00
S-1024,Student 1024,CLASS-04,12,ACTIVE,2025-01-01T00:00:00
S-1025,Student 1025,CLASS-06,11,ACTIVE,2025-01-01T00:00:00
S-1026,Student 1026,CLASS-07,12,ACTIVE,2025-01-01T00:00:00
S-1027,Student 1027,CLASS-01,12,ACTIVE,2025-01-01T00:00:00
S-1028,Student 1028,CLASS-03,12,ACTIVE,2025-01-01T00:00:00
S-1029,Student 1029,CLASS-08,11,ACTIVE,2025-01-01T00:00:00
S-1030,Student 1030,CLASS-06,11,ACTIVE,2025-01-01T00:00:00
S-1031,Student 1031,CLASS-02,12,ACTIVE,2025-01-01T00:00:00
S-1032,Student 1032,CLASS-03,12,ACTIVE,2025-01-01T00:00:00
S-1033,Student 1033,CLASS-06,11,ACTIVE,2025-01-01T00:00:00
S-1034,Student 1034,CLASS-06,12,ACTIVE,2025-01-01T00:00:00
S-1035,Student 1035,CLASS-05,10,ACTIVE,2025-01-01T00:00:00
S-1036,Student 1036,CLASS-02,10,ACTIVE,2025-01-01T00:00:00
S-1037,Student 1037,CLASS-03,11,ACTIVE,2025-01-01T00:00:00
S-1038,Student 1038,CLASS-09,11,ACTIVE,2025-01-01T00:00:00
S-1039,Student 1039,CLASS-09,10,ACTIVE,2025-01-01T00:00:00
S-1040,Student 1040,CLASS-05,11,ACTIVE,2025-01-01T00:00:00
S-1041,Student 1041,CLASS-08,10,ACTIVE,2025-01-01T00:00:00
S-1042,Student 1042,CLASS-10,11,ACTIVE,2025-01-01T00:00:00
S-1043,Student 1043,CLASS-08,10,ACTIVE,2025-01-01T00:00:00
S-1044,Student 1044,CLASS-02,10,ACTIVE,2025-01-01T00:00:00
S-1045,Student 1045,CLASS-02,11,ACTIVE,2025-01-01T00:00:00
S-1046,Student 1046,CLASS-03,12,ACTIVE,2025-01-01T00:00:00
S-1047,Student 1047,CLASS-08,10,ACTIVE,2025-01-01T00:00:00
S-1048,Student 1048,CLASS-06,12,ACTIVE,2025-01-01T00:00:00
S-1049,Student 1049,CLASS-06,12,ACTIVE,2025-01-01T00:00:00
S-1050,Student 1050,CLASS-02,12,ACTIVE,2025-01-01T00:00:00
S-1051,Student 1051,CLASS-09,11,ACTIVE,2025-01-01T00:00:00
S-1052,Student 1052,CLASS-05,10,ACTIVE,2025-01-01T00:00:00
S-1053,Student 1053,CLASS-03,11,ACTIVE,2025-01-01T00:00:00
S-1054,Student 1054,CLASS-09,10,ACTIVE,2025-01-01T00:00:00
S-1055,Student 1055,CLASS-02,10,ACTIVE,2025-01-01T00:00:00
S-1056,Student 1056,CLASS-03,10,ACTIVE,2025-01-01T00:00:00
S-1057,Student 1057,CLASS-08,10,ACTIVE,2025-01-01T00:00:00
S-1058,Student 1058,CLASS-06,12,ACTIVE,2025-01-01T00:00:00
S-1059,Student 1059,CLASS-10,11,ACTIVE,2025-01-01T00:00:00
S-1060,Student 1060,CLASS-08,12,ACTIVE,2025-01-01T00:00:00
S-1061,Student 1061,CLASS-03,12,ACTIVE,2025-01-01T00:00:00
S-1062,Student 1062,CLASS-02,10,ACTIVE,2025-01-01T00:00:00
S-1063,Student 1063,CLASS-05,11,ACTIVE,2025-01-01T00:00:00
S-1064,Student 1064,CLASS-08,12,ACTIVE,2025-01-01T00:00:00
S-1065,Student 1065,CLASS-07,11,ACTIVE,2025-01-01T00:00:00
S-1066,Student 1066,CLASS-10,10,ACTIVE,2025-01-01T00:00:00
S-1067,Student 1067,CLASS-03,11,ACTIVE,2025-01-01T00:00:00
S-1068,Student 1068,CLASS-02,11,ACTIVE,2025-01-01T00:00:00
S-1069,Student 1069,CLASS-08,12,ACTIVE,2025-01-01T00:00:00
S-1070,Student 1070,CLASS-09,11,ACTIVE,2025-01-01T00:00:00
S-1071,Student 1071,CLASS-03,12,ACTIVE,2025-01-01T00:00:00
S-1072,Student 1072,CLASS-10,10,ACTIVE,2025-01-01T00:00:00
S-1073,Student 1073,CLASS-03,11,ACTIVE,2025-01-01T00:00:00
S-1074,Student 1074,CLASS-09,10,ACTIVE,2025-01-01T00:00:00
S-1075,Student 1075,CLASS-02,12,ACTIVE,2025-01-01T00:00:00
S-1076,Student 1076,CLASS-03,11,ACTIVE,2025-01-01T00:00:00
S-1077,Student 1077,CLASS-03,10,ACTIVE,2025-01-01T00:00:00
S-1078,Student 1078,CLASS-06,12,ACTIVE,2025-01-01T00:00:00
S-1079,Student 1079,CLASS-04,11,ACTIVE,2025-01-01T00:00:00
S-1080,Student 1080,CLASS-09,11,ACTIVE,2025-01-01T00:00:00
S-1081,Student 1081,CLASS-02,11,ACTIVE,2025-01-01T00:00:00
S-1082,Student 1082,CLASS-04,12,ACTIVE,2025-01-01T00:00:00
S-1083,Student 1083,CLASS-09,11,ACTIVE,2025-01-01T00:00:00
S-1084,Student 1084,CLASS-03,12,ACTIVE,2025-01-01T00:00:00
S-1085,Student 1085,CLASS-05,12,ACTIVE,2025-01-01T00:00:00
S-1086,Student 1086,CLASS-09,10,ACTIVE,2025-01-01T00:00:00
S-1087,Student 1087,CLASS-09,12,ACTIVE,2025-01-01T00:00:00
S-1088,Student 1088,CLASS-03,12,ACTIVE,2025-01-01T00:00:00
S-1089,Student 1089,CLASS-10,10,ACTIVE,2025-01-01T00:00:00
S-1090,Student 1090,CLASS-03,12,ACTIVE,2025-01-01T00:00:00
S-1091,Student 1091,CLASS-10,12,ACTIVE,2025-01-01T00:00:00
S-1092,Student 1092,CLASS-10,11,ACTIVE,2025-01-01T00:00:00
S-1093,Student 1093,CLASS-10,10,ACTIVE,2025-01-01T00:00:00
S-1094,Student 1094,CLASS-01,10,ACTIVE,2025-01-01T00:00:00
S-1095,Student 1095,CLASS-01,12,ACTIVE,2025-01-01T00:00:00
S-1096,Student 1096,CLASS-10,11,ACTIVE,2025-01-01T00:00:00
S-1097,Student 1097,CLASS-04,12,ACTIVE,2025-01-01T00:00:00
S-1098,Student 1098,CLASS-07,12,ACTIVE,2025-01-01T00:00:00
S-1099,Student 1099,CLASS-01,11,ACTIVE,2025-01-01T00:00:00
S-1100,Student 1100,CLASS-09,11,ACTIVE,2025-01-01T00:00:00
S-1101,Student 1101,CLASS-05,11,ACTIVE,2025-01-01T00:00:00
S-1102,Student 1102,CLASS-04,12,ACTIVE,2025-01-01T00:00:00
S-1103,Student 1103,CLASS-07,11,ACTIVE,2025-01-01T00:00:00
S-1104,Student 1104,CLASS-08,10,ACTIVE,2025-01-01T00:00:00
S-1105,Student 1105,CLASS-01,10,ACTIVE,2025-01-01T00:00:00
S-1106,Student 1106,CLASS-08,11,ACTIVE,2025-01-01T00:00:00
S-1107,Student 1107,CLASS-08,11,ACTIVE,2025-01-01T00:00:00
S-1108,Student 1108,CLASS-04,11,ACTIVE,2025-01-01T00:00:00
S-1109,Student 1109,CLASS-10,10,ACTIVE,2025-01-01T00:00:00
S-1110,Student 1110,CLASS-06,12,ACTIVE,2025-01-01T00:00:00
S-1111,Student 1111,CLASS-06,12,ACTIVE,2025-01-01T00:00:00
S-1112,Student 1112,CLASS-06,11,ACTIVE,2025-01-01T00:00:00
S-1113,Student 1113,CLASS-03,11,ACTIVE,2025-01-01T00:00:00
S-1114,Student 1114,CLASS-09,12,ACTIVE,2025-01-01T00:00:00
S-1115,Student 1115,CLASS-02,11,ACTIVE,2025-01-01T00:00:00
S-1116,Student 1116,CLASS-04,11,ACTIVE,2025-01-01T00:00:00
S-1117,Student 1117,CLASS-02,11,ACTIVE,2025-01-01T00:00:00
S-1118,Student 1118,CLASS-08,10,ACTIVE,2025-01-01T00:00:00
S-1119,Student 1119,CLASS-03,10,ACTIVE,2025-01-01T00:00:00
S-1120,Student 1120,CLASS-01,11,ACTIVE,2025-01-01T00:00:00
S-1121,Student 1121,CLASS-07,12,ACTIVE,2025-01-01T00:00:00
S-1122,Student 1122,CLASS-07,10,ACTIVE,2025-01-01T00:00:00
S-1123,Student 1123,CLASS-03,11,ACTIVE,2025-01-01T00:00:00
S-1124,Student 1124,CLASS-10,12,ACTIVE,2025-01-01T00:00:00
S-1125,Student 1125,CLASS-06,10,ACTIVE,2025-01-01T00:00:00
S-1126,Student 1126,CLASS-03,11,ACTIVE,2025-01-01T00:00:00
S-1127,Student 1127,CLASS-09,11,ACTIVE,2025-01-01T00:00:00
S-1128,Student 1128,CLASS-08,11,ACTIVE,2025-01-01T00:00:00
S-1129,Student 1129,CLASS-08,10,ACTIVE,2025-01-01T00:00:00
S-1130,Student 1130,CLASS-02,11,ACTIVE,2025-01-01T00:00:00
S-1131,Student 1131,CLASS-09,11,ACTIVE,2025-01-01T00:00:00
S-1132,Student 1132,CLASS-04,10,ACTIVE,2025-01-01T00:00:00
S-1133,Student 1133,CLASS-10,11,ACTIVE,2025-01-01T00:00:00
S-1134,Student 1134,CLASS-01,10,ACTIVE,2025-01-01T00:00:00
S-1135,Student 1135,CLASS-05,11,ACTIVE,2025-01-01T00:00:00
S-1136,Student 1136,CLASS-10,12,ACTIVE,2025-01-01T00:00:00
S-1137,Student 1137,CLASS-08,11,ACTIVE,2025-01-01T00:00:00
S-1138,Student 1138,CLASS-09,10,ACTIVE,2025-01-01T00:00:00
S-1139,Student 1139,CLASS-02,11,ACTIVE,2025-01-01T00:00:00
S-1140,Student 1140,CLASS-03,11,ACTIVE,2025-01-01T00:00:00
S-1141,Student 1141,CLASS-06,11,ACTIVE,2025-01-01T00:00:00
S-1142,Student 1142,CLASS-06,10,ACTIVE,2025-01-01T00:00:00
S-1143,Student 1143,CLASS-07,10,ACTIVE,2025-01-01T00:00:00
S-1144,Student 1144,CLASS-10,12,ACTIVE,2025-01-01T00:00:00
S-1145,Student 1145,CLASS-04,11,ACTIVE,2025-01-01T00:00:00
S-1146,Student 1146,CLASS-09,11,ACTIVE,2025-01-01T00:00:00
S-1147,Student 1147,CLASS-02,11,ACTIVE,2025-01-01T00:00:00
S-1148,Student 1148,CLASS-09,11,ACTIVE,2025-01-01T00:00:00
S-1149,Student 1149,CLASS-09,11,ACTIVE,2025-01-01T00:00:00
S-1150,Student 1150,CLASS-10,12,ACTIVE,2025-01-01T00:00:00
S-1151,Student 1151,CLASS-10,10,ACTIVE,2025-01-01T00:00:00
S-1152,Student 1152,CLASS-03,10,ACTIVE,2025-01-01T00:00:00
S-1153,Student 1153,CLASS-07,11,ACTIVE,2025-01-01T00:00:00
S-1154,Student 1154,CLASS-06,12,ACTIVE,2025-01-01T00:00:00
S-1155,Student 1155,CLASS-06,10,ACTIVE,2025-01-01T00:00:00
S-1156,Student 1156,CLASS-04,12,ACTIVE,2025-01-01T00:00:00
S-1157,Student 1157,CLASS-09,11,ACTIVE,2025-01-01T00:00:00
S-1158,Student 1158,CLASS-09,10,ACTIVE,2025-01-01T00:00:00
S-1159,Student 1159,CLASS-01,10,ACTIVE,2025-01-01T00:00:00
S-1160,Student 1160,CLASS-03,12,ACTIVE,2025-01-01T00:00:00
S-1161,Student 1161,CLASS-06,11,ACTIVE,2025-01-01T00:00:00
S-1162,Student 1162,CLASS-09,11,ACTIVE,2025-01-01T00:00:00
S-1163,Student 1163,CLASS-03,12,ACTIVE,2025-01-01T00:00:00
S-1164,Student 1164,CLASS-09,10,ACTIVE,2025-01-01T00:00:00
S-1165,Student 1165,CLASS-06,12,ACTIVE,2025-01-01T00:00:00
S-1166,Student 1166,CLASS-06,10,ACTIVE,2025-01-01T00:00:00
S-1167,Student 1167,CLASS-07,12,ACTIVE,2025-01-01T00:00:00
S-1168,Student 1168,CLASS-05,12,ACTIVE,2025-01-01T00:00:00
S-1169,Student 1169,CLASS-06,12,ACTIVE,2025-01-01T00:00:00
S-1170,Student 1170,CLASS-09,12,ACTIVE,2025-01-01T00:00:00
S-1171,Student 1171,CLASS-08,12,ACTIVE,2025-01-01T00:00:00
S-1172,Student 1172,CLASS-10,11,ACTIVE,2025-01-01T00:00:00
S-1173,Student 1173,CLASS-08,10,ACTIVE,2025-01-01T00:00:00
S-1174,Student 1174,CLASS-06,11,ACTIVE,2025-01-01T00:00:00
S-1175,Student 1175,CLASS-02,11,ACTIVE,2025-01-01T00:00:00
S-1176,Student 1176,CLASS-10,11,ACTIVE,2025-01-01T00:00:00
S-1177,Student 1177,CLASS-01,12,ACTIVE,2025-01-01T00:00:00
S-1178,Student 1178,CLASS-08,11,ACTIVE,2025-01-01T00:00:00
S-1179,Student 1179,CLASS-10,12,ACTIVE,2025-01-01T00:00:00
S-1180,Student 1180,CLASS-04,12,ACTIVE,2025-01-01T00:00:00
S-1181,Student 1181,CLASS-01,12,ACTIVE,2025-01-01T00:00:00
S-1182,Student 1182,CLASS-08,10,ACTIVE,2025-01-01T00:00:00
S-1183,Student 1183,CLASS-09,12,ACTIVE,2025-01-01T00:00:00
S-1184,Student 1184,CLASS-10,11,ACTIVE,2025-01-01T00:00:00
S-1185,Student 1185,CLASS-03,12,ACTIVE,2025-01-01T00:00:00
S-1186,Student 1186,CLASS-04,10,ACTIVE,2025-01-01T00:00:00
S-1187,Student 1187,CLASS-10,12,ACTIVE,2025-01-01T00:00:00
S-1188,Student 1188,CLASS-02,10,ACTIVE,2025-01-01T00:00:00
S-1189,Student 1189,CLASS-01,11,ACTIVE,2025-01-01T00:00:00
S-1190,Student 1190,CLASS-06,11,ACTIVE,2025-01-01T00:00:00
S-1191,Student 1191,CLASS-03,11,ACTIVE,2025-01-01T00:00:00
S-1192,Student 1192,CLASS-04,11,ACTIVE,2025-01-01T00:00:00
S-1193,Student 1193,CLASS-09,12,ACTIVE,2025-01-01T00:00:00
S-1194,Student 1194,CLASS-08,12,ACTIVE,2025-01-01T00:00:00
S-1195,Student 1195,CLASS-01,12,ACTIVE,2025-01-01T00:00:00
S-1196,Student 1196,CLASS-03,12,ACTIVE,2025-01-01T00:00:00
S-1197,Student 1197,CLASS-04,12,ACTIVE,2025-01-01T00:00:00
S-1198,Student 1198,CLASS-06,12,ACTIVE,2025-01-01T00:00:00
S-1199,Student 1199,CLASS-08,12,ACTIVE,2025-01-01T00:00:00
S-1200,Student 1200,CLASS-07,11,ACTIVE,2025-01-01T00:00:00
